,İlan No:,İlan Tarihi:,Marka:,Seri:,Model:,Yıl:,Yakıt Tipi:,Vites Tipi:,Motor Hacmi:,Motor Gücü:,Kilometre:,car_link:,price,boya_degisen,aciklama
0, 16155960   , 03 Şubat 2021   , Porsche   , Taycan   , Turbo   , 2020   , Elektrik   , Otomatik   , -   , 680 hp   , 0 km   ,https://www.arabam.com//ilan/galeriden-satilik-porsche-taycan-turbo/zeno-motors-porsche-taycan-turbo-680bg-ozel-karmin-kirmizi/16155960,  2.180.000 TL  ,   Created by Arabam IT  Ön Tampon     Sağ Arka ÇamurlukMotor KaputuArka KaputTavanArka Tampon  Sağ Arka Çamurluk:  Orijinal  Arka Kaput:  Orijinal  Sol Arka Çamurluk:  Orijinal  Sağ Arka Kapı:  Orijinal  Sağ Ön Kapı:  Orijinal  Tavan:  Orijinal  Sol Arka Kapı:  Orijinal  Sol Ön Kapı:  Orijinal  Sağ Ön Çamurluk:  Orijinal  Motor Kaputu:  Orijinal  Sol Ön Çamurluk:  Orijinal  Ön Tampon:  Orijinal  Arka Tampon:  Orijinal  BelirtilmemişOrijinalBoyalıLokal BoyalıDeğişmiş ,"FARKIMIZ FARKINIZ OLSUN...​BU SLOGANLA ÇIKTIĞIMIZ YOLDA SİZİ HERKESTEN AYRICALIKLI KILACAK ARAÇLARI UZUN ARAŞTIRMALAR NETİCESİNDE BELİRLİYOR VE SİZLER İÇİN İTHAL EDİYORUZ. SİZE ARACINIZLA BİRLİKTE KEYFİNİ SÜRMEK KALIYOR...*2020 PORSCHE TAYCAN TURBO 680 BG... ÖZEL METALİK KARMİN KIRMIZI* *ARACIMIZ 25/12/2020 TARİHİNDE TESLİME HAZIR OLACAKTIR*﻿OPSİYON LİSTESİF44 21""Mission E Tasarım Jantlar2W9 Elektrikli Bagaj Kapağı0L Özel Metalik Karmin Kırmızı1N3 Servo Direksiyon Plus2D1 Sport Dizayn Paket6XV Dış Aynalar-Elektrikli Alan Aydınlatması DahilQJ4 Dış Paket-Siyah ParlakGM3 Porsche Elektrikli Sport Sesi8LH Spor Chrono Paket-Mod Şalteri Dahil8JU LED Matrix Farlar Buz MavisiPorsche Dinamik Işık SistemiPDLS Plus)ile3FG Panoramik Cam Tavan Sabit4GP Gri Renkli Ön CamVW1 Koyu Renkli Camlar79J Şerit Değiştirme AsistanıKA6 Park Asistant Ön-Arka ve Surround GörünümP49 Adaptive Hız Sabitleyici4F2 Konforlu Erişim(Anahtarsız Giriş)KH5 Gelişmiş Klima Kontrolü 4 Bölge5KA 4+1 KoltukQQ1 Ortam Aydınlatması4D3 Ön Koltuk Soğutmaları2PJ MF GT-Sport Deri DireksiyonQE1 Eşya Paketi6A7 Yangın SöndürücüFI6 Emniyet Kemeri-BordoUP6 Pusula Sport Chrono Kronometre-Bordo9JD Sigara DonanımıJH1 Ön Yolcu Ekranı9M3 Isı Pompası76H Şarj Kablosu(Mod3)QW5 Porsche Akıllı Menzil YöneticisiSTANDART ÖZELLİKLER7K3 Lastik Basınç Kontrol SistemiQV3 Dijital Radyo1AC ABS Fren Sistemi674 Porsche Araç Takip Sistemi1LY Porsche Seramik Kompozit Fren (PCCB)KM2 150 kW'lık DC Şarj CihazıAR Pürüzsüz Deri Siyah0TD PaspasGH3 Porsche Torque Vectoring Plus (PTV Plus)9WT Apple® CarPlay Dahil Sesli Kontrol Siri®8IU LED Matrix Farlar-Porsche Dinamik Işık Sistemi Plus Dahil4UF Sürücü ve Ön Yolcu Airbagleri4A4 Ön-Arka Koltuk Isıtmaları3J7 Koltuk Başlıkları Ön-Porsche Armalı9VL BOSE Surround Sound Sistem7UG Porsche İletişim Yönetimi (PCM) Dahil Navigasyon ModülüQ1J 18-Kademeli Adaptif Spor Koltuklar-Elektrikli Hafızalı9W5 Telefon ve Müzik İçin Bluetooth® Arayüzlü Cep Telefonu HazırlığıPW1 Şeritten Ayrılma Uyarısı Ve Trafik İşareti TanımaG1X Ön Aksta 1 Vitesli ŞanzımanArka Aksta 2 Vitesli ŞanzımanVE1 Güneşlikler-Makyaj Aynalı4UH Yan Airbagler3B9 Isofix Çocuk Koltuğu Bağlantı Sistemi4UG Diz Airbagleri0QG Yanal Yazı ""Elektrik""NW2 Mobil Şarj Cihazı BağlantısıEH2 Kontrol Ünitesi İle Araç Arasındaki Kablo Bağlantısı:7,5 m"
1, 16446141   , 03 Şubat 2021   , Peugeot   , 206   , 1.4 HDi Comfort   , 2010   , Dizel   , Düz   , 1201 - 1400 cm3   , 51 - 75 HP   , 250.000 km   ,https://www.arabam.com//ilan/galeriden-satilik-peugeot-206-1-4-hdi-comfort/peugeot-206-1-4hdi-turbo-dizel-tertemiz-orjinal/16446141,  58.900 TL  ,   Created by Arabam IT  Ön Tampon     Sağ Arka ÇamurlukMotor KaputuArka KaputTavanArka Tampon  Sağ Arka Çamurluk:  Orijinal  Arka Kaput:  Orijinal  Sol Arka Çamurluk:  Orijinal  Sağ Arka Kapı:  Orijinal  Sağ Ön Kapı:  Orijinal  Tavan:  Orijinal  Sol Arka Kapı:  Orijinal  Sol Ön Kapı:  Orijinal  Sağ Ön Çamurluk:  Orijinal  Motor Kaputu:  Orijinal  Sol Ön Çamurluk:  Orijinal  Ön Tampon:  Orijinal  Arka Tampon:  Orijinal  BelirtilmemişOrijinalBoyalıLokal BoyalıDeğişmiş ,ARACİMİZİN MOTORU ÇOK GÜZELDİR YAG YAKMA ÜFLEME DUMAN ATMA SU EKSİLTME KESİNLİKLE YOKTUR TERTEMİZ BAKİMLİDİR EXPERDE %85 CİKMAKTADİR.KAPORTASI BOYASI TERTEMİZDİR AĞIR KAZA DARBE KESİNLİKLE YOKTUR.TAVAN BAGAJ BOYASİZDİR DİĞER TARAFLARI FARKLI ZAMANLARDA BOYANMIŞTIR.YAG FİLİTRE SIVI BAKIMLARI YENİ YAPİLMİSTİRTRİGER SETİ BASKI BALATA DEVİRDAİM YENİ DEGİSMİSTİR.PARÇA PARÇA UFAK TEFEK 10 BİN KADAR HASAR KAYDI VARDIR.ALİNDİGİ GÜNDEN BU GÜNE KASKOLU KULLANİLMİSTİR HERSEY PEUGEOT SERVİSİNDE YAPİLMİSTİR .ALİCİSİNA HAYIRLI OLSUN...
2, 16467761   , 04 Şubat 2021   , Hyundai   , i20   , 1.4 MPI Jump   , 2014   , Benzin   , Otomatik   , 1368 cc   , 100 hp   , 36.700 km   ,https://www.arabam.com//ilan/galeriden-satilik-hyundai-i20-1-4-mpi-jump/ey-autohaus-dan-dusuk-km-1-4-tam-otomatik-i-20/16467761,  132.000 TL  ,   Created by Arabam IT  Ön Tampon     Sağ Arka ÇamurlukMotor KaputuArka KaputTavanArka Tampon  Sağ Arka Çamurluk:  Orijinal  Arka Kaput:  Orijinal  Sol Arka Çamurluk:  Orijinal  Sağ Arka Kapı:  Orijinal  Sağ Ön Kapı:  Orijinal  Tavan:  Orijinal  Sol Arka Kapı:  Orijinal  Sol Ön Kapı:  Orijinal  Sağ Ön Çamurluk:  Orijinal  Motor Kaputu:  Orijinal  Sol Ön Çamurluk:  Orijinal  Ön Tampon:  Orijinal  Arka Tampon:  Orijinal  BelirtilmemişOrijinalBoyalıLokal BoyalıDeğişmiş ,EY AUTOHAUSAUTOPIA AVM KAT 2 C-73 ( BEYKENT METROBUS DURAGI )  YUSUF 0538 780 61 96      MURAT 0541 569 24 69https://www.arabam.com/galeri/ey-autohaus/​                                                                HYUNDAI I20 1.4 MPI JUMP TAM OTOMATIKMODEL 2014 &  KM 36.700MUAYENE GECERLILIK TARIHI 08.08.2022DONANIMLARFULL HYUNDAi YETKILI SERVIS BAKIMLI4 MEVSIM SIFIR LASTIK- 1.4 MPİ - 100 HP - TAM OTOMATİK VİTES- ANALOG KLİMA - ABS- ÇİFT HAVA YASTIĞI- 4 CAM OTOMATİK- USB - AUX GİRİŞİ- DREKSİYON KUMANDASI - BLUETHOHT KONUŞMAARACLARIMIZIN EXPER*KM SORGUSU*HASAR SORGUSU YAPILMISTIR.AYRICA SIZ DEGERLI MUSTERILERIMIZEKENDI BUNYEMIZDE ARACLARIMIZA KREDI IMKANI SUNUYORUZ.KASKO DEGERI : 125.000 TLKREDI MIKTARI : 88.000 TLNOT : KASKO DEGERI VE KREDI MIKTARI DEGISKENLIK GOSTEREBILIR YAKLASIK RAKAMLARDIR.Bu Araça Kredi Çıkmayan Müşterilerimiz İçin % 30 veya % 40 TL Peşinat İle36-48 AY 40 BIN PESINATLA OTO SOR Senetle Sahip Olabilirsiniz.EXPER DURUMUON IKI CAMURLUK UCUNDA LOKAL BOYA DEGISENARKA BAGAJ KAPAGI
3, 16458661   , 04 Şubat 2021   , Opel   , Astra   , 1.6 Comfort   , 2004   , LPG & Benzin   , Düz   , 1401 - 1600 cm3   , 76 - 100 HP   , 203.500 km   ,https://www.arabam.com//ilan/galeriden-satilik-opel-astra-1-6-comfort/ey-autohaus-dan-tramersiz-opel-astra/16458661,  76.000 TL  ,   Created by Arabam IT  Ön Tampon     Sağ Arka ÇamurlukMotor KaputuArka KaputTavanArka Tampon  Sağ Arka Çamurluk:  Orijinal  Arka Kaput:  Orijinal  Sol Arka Çamurluk:  Orijinal  Sağ Arka Kapı:  Orijinal  Sağ Ön Kapı:  Orijinal  Tavan:  Orijinal  Sol Arka Kapı:  Orijinal  Sol Ön Kapı:  Orijinal  Sağ Ön Çamurluk:  Orijinal  Motor Kaputu:  Orijinal  Sol Ön Çamurluk:  Orijinal  Ön Tampon:  Orijinal  Arka Tampon:  Orijinal  BelirtilmemişOrijinalBoyalıLokal BoyalıDeğişmiş ,"EY AUTOHAUSAUTOPIA AVM KAT 2 C-73 ( BEYKENT METROBUS DURAGI )  YUSUF 0538 780 61 96      MURAT 0541 569 24 69https://www.arabam.com/galeri/ey-autohaus/​Astra 1.6 16V ComfortMODEL 2004 &  KM 203.000DONANIMLARHİDROLİK DİREKSİYONABSASRELEKTRİKLİ DİREKSİYONORJINAL FARLAR VE SİS FARLARIİSOFİX BLUETOOTH BAĞLANTIUSB BAĞLANTI ARKA CAM ISITMAHAVA YASTIĞIELEKRİKLİ ÖN VE ARKA CAMLAR YOL BİLGİSAYARI ÇOCUK KİLİDİİMMOBİLİZERÇELİK JANTPARK SENSÖRÜKOL DAYAMAARACLARIMIZIN EXPER*KM SORGUSU*HASAR SORGUSU YAPILMISTIR.AYRICA SIZ DEGERLI MUSTERILERIMIZEKENDI BUNYEMIZDE ARACLARIMIZA KREDI IMKANI SUNUYORUZ.KASKO DEGERI : .... TLKREDI MIKTARI : ....TLNOT : KASKO DEGERI VE KREDI MIKTARI DEGISKENLIK GOSTEREBILIR YAKLASIK RAKAMLARDIR.EXPER DURUMU DEGISENSOL ON CAMURLUK DEGISEN BOYA SAG ARKA CAMURLUK VE KAPI , KAPUT                                                             TRAMER DURUMUARACIMIZIN CIDDI BIR KAZASI YOKTUR.ARACIMIZIN TRAMER KAYDI BULUNMAMAKTADIR.."
4, 16642112   , 03 Şubat 2021   , Fiat   , Egea   , 1.6 Multijet Urban   , 2017   , Dizel   , Yarı Otomatik   , 1598 cc   , 120 hp   , 30.000 km   ,https://www.arabam.com//ilan/galeriden-satilik-fiat-egea-1-6-multijet-urban/ozpam-dan-2017-fiat-egea-1-6-m-jet-urban-dct-5-adet/16642112,  177.000 TL  ,   Created by Arabam IT  Ön Tampon     Sağ Arka ÇamurlukMotor KaputuArka KaputTavanArka Tampon  Sağ Arka Çamurluk:  Orijinal  Arka Kaput:  Orijinal  Sol Arka Çamurluk:  Orijinal  Sağ Arka Kapı:  Orijinal  Sağ Ön Kapı:  Orijinal  Tavan:  Orijinal  Sol Arka Kapı:  Orijinal  Sol Ön Kapı:  Orijinal  Sağ Ön Çamurluk:  Orijinal  Motor Kaputu:  Orijinal  Sol Ön Çamurluk:  Orijinal  Ön Tampon:  Orijinal  Arka Tampon:  Orijinal  BelirtilmemişOrijinalBoyalıLokal BoyalıDeğişmiş ,"​​​​2017 Model Fiat Egea 1.6 M.jet Urban DCT Otomatik Modelidir. 20.000 - 40.000 Km Arasında 5 Aracımız Mevcuttur.​ÇİFT YÖNLÜ DİJİTAL KLİMADOKUNMATİK EKRANHIZ SABİTLEYİCİVİRAJA DUYARLI SİS FARLARI START-STOP ELEKTRKLİ YAN AYNALAR ECO MOD CITY ŞEHİR İÇİ MODU USB & AUX & BLUETOOTH YOKUŞ KALKIŞ DESTEĞİ FONKSİYONEL DERİ DREKSİYON AUTO FAR  ARKA PARK SÖNSÖRÜ LASTİK BASINÇ SENSÖRÜ YENİ NESİL GÜNDÜZ FARLARI YORGUNLUK TESPİT YÜKSEKLİK VE DERİNLİK AYARLI DREKSİYON 6 ADET  HAVA YASTIĞI ​Aracımız'da Boya, Değişen ya da Hasar Kaydı Yoktur.Firmamız; İkinci El Motorlu Kara Taşıtlarının Ticareti Hakkında Yönetmelik hükümlerine göre yetkilendirilmiştir.​Yetki Belgesi Numarası: 2000157 / 2000162Mağazamızdaki Diğer İlanlar İçin Tıklayınız.. ​"
5, 16551095   , 03 Şubat 2021   , Opel   , Insignia   , 1.6 CDTI Business   , 2015   , Dizel   , Otomatik   , 1598 cc   , 136 hp   , 88.000 km   ,https://www.arabam.com//ilan/galeriden-satilik-opel-insignia-1-6-cdti-business/yetkili-opel-bayisinden-0faiz-kampanyadizel-otomatik-insignia/16551095,  193.000 TL  ,   Created by Arabam IT  Ön Tampon     Sağ Arka ÇamurlukMotor KaputuArka KaputTavanArka Tampon  Sağ Arka Çamurluk:  Orijinal  Arka Kaput:  Orijinal  Sol Arka Çamurluk:  Boyanmış  Sağ Arka Kapı:  Orijinal  Sağ Ön Kapı:  Boyanmış  Tavan:  Orijinal  Sol Arka Kapı:  Orijinal  Sol Ön Kapı:  Orijinal  Sağ Ön Çamurluk:  Orijinal  Motor Kaputu:  Orijinal  Sol Ön Çamurluk:  Orijinal  Ön Tampon:  Orijinal  Arka Tampon:  Orijinal  BelirtilmemişOrijinalBoyalıLokal BoyalıDeğişmiş ,YETKİLİ OPEL BAYİSİ ERDEMİRDEN 1.6 DİZEL OTOMATİK İNSİGNİA BUSİNESSÖZEL FAİZ KAMPANYASI(40.000 TL 12 AY 0 FAİZ)(100.000 TL 12 AY 0.99 FAİZ)ARACIMIZDA DEĞİŞEN PARÇA BULUNMAMAKTADIRSAĞ ÖN KAPI VE SOL ARKA ÇAMURLUKTA BOYA BULUNMAMAKTADIRTRAMER KAYDI 3.300 TL DİRYedek anahtarı mevcuttur.Kredi desteğimiz mevcuttur.Daha detaylı bilgi için iletişime geçebilirsiniz...
6, 16533179   , 03 Şubat 2021   , Hyundai   , Accent Era   , 1.5 CRDi-VGT Style   , 2010   , Dizel   , Otomatik   , 1401 - 1600 cm3   , 101 - 125 HP   , 153.000 km   ,https://www.arabam.com//ilan/galeriden-satilik-hyundai-accent-era-1-5-crdi-vgt-style/yeni-vize-otomatik-dizel-sunrooflu-dijital-klimali-10-airbagli/16533179,  112.000 TL  ,   Created by Arabam IT  Ön Tampon     Sağ Arka ÇamurlukMotor KaputuArka KaputTavanArka Tampon  Sağ Arka Çamurluk:  Orijinal  Arka Kaput:  Orijinal  Sol Arka Çamurluk:  Orijinal  Sağ Arka Kapı:  Orijinal  Sağ Ön Kapı:  Orijinal  Tavan:  Orijinal  Sol Arka Kapı:  Orijinal  Sol Ön Kapı:  Orijinal  Sağ Ön Çamurluk:  Orijinal  Motor Kaputu:  Orijinal  Sol Ön Çamurluk:  Lokal Boyanmış  Ön Tampon:  Orijinal  Arka Tampon:  Orijinal  BelirtilmemişOrijinalBoyalıLokal BoyalıDeğişmiş ,ARACIMIZ  2010 MODEL HYUDAİ ACCENT ERA 1.5 DİZEL MOTOR --- 110 BEYGİR  TAM OTOMATİK VİTESTİRORJİNAL 153.000 BİN  KİLOMETREDE MUAYENESİ YENİ  20/01/2023 TARİHİNE KADAR GEÇERLİDİR.YEDEK ANAHTARI VE KİTAPÇIKLARI VARDIRSERVİS FATURALARI MEVCUTTUR.İLK SIFIR FATURASI DAHİ DURMAKTADIRSTEPNE HİÇ KULLANILMAMIŞTIRKIŞLIK LASTİKLERİ ÜZERİNDE TAKILI OLUP YAZLIK LASTİKLERİDE YANINDA VERİLECEKTİR15/01/2021 TARİHİNDE SIFIR AKÜ TAKILMIŞTIR.(2 YIL GARANTİLİ)ARACIMIZDA SADECE 1 BOYA VARDIR.(SOL ÖN ÇAMURLUK)BUNA BAĞLI 400 LİRA HASAR KAYDI VARDIRDEĞİŞEN YOKTURTÜM DETAYLAR VE  RAPORLAR RESİMLERDE PAYLAŞILMIŞTIRARACIMIZIN  ULAŞIMI VE TESLİMATI KONUSUNDA YARDIMCI OLUNUR&&  NOT  &&  SÖYLENİLENLERİN AKSİ DURUMUNDA ŞEHİR DIŞINDAN GELECEK MİSAFİRLERİMİZİN YOL MASRAFLARI TARAFIMIZDAN KARŞILANIR.  HAYIRLI   OLMASINI   DİLERİZ...&&ÖZELLİKLER&& SUNROOF ORJİNAL ELEKTRİKLİDİJİTAL KLİMA 10 ADET AİRBAG 4 CAM OTOMATİK ALAŞIMLI  JANTLAR ELEKTİRKLİ AYNALAR  DERİ DİREKSİYON DERİ VİTES TOPUZU ...FONKSİYONEL DİREKSİYON YAĞMUR SENSÖRÜ SİS FARI ARKA PARK SENSÖRÜ ...
7, 16199664   , 03 Şubat 2021   , Hyundai   , Elantra   , 1.6 D-CVVT Style   , 2015   , Benzin   , Otomatik   , 1591 cc   , 127 hp   , 114.000 km   ,https://www.arabam.com//ilan/galeriden-satilik-hyundai-elantra-1-6-d-cvvt-style/yetkili-hyundai-bayisi-erdemirden-hatasiz-sorunsuz-elantra/16199664,  161.900 TL  ,   Created by Arabam IT  Ön Tampon     Sağ Arka ÇamurlukMotor KaputuArka KaputTavanArka Tampon  Sağ Arka Çamurluk:  Orijinal  Arka Kaput:  Orijinal  Sol Arka Çamurluk:  Orijinal  Sağ Arka Kapı:  Orijinal  Sağ Ön Kapı:  Orijinal  Tavan:  Orijinal  Sol Arka Kapı:  Orijinal  Sol Ön Kapı:  Orijinal  Sağ Ön Çamurluk:  Orijinal  Motor Kaputu:  Orijinal  Sol Ön Çamurluk:  Orijinal  Ön Tampon:  Orijinal  Arka Tampon:  Orijinal  BelirtilmemişOrijinalBoyalıLokal BoyalıDeğişmiş ,YETKİLİ HYUNDAİ BAYİSİ ERDEMİRDEN HATASIZ 1.6 BENZİN OTOMATİK STYLE DESİGN ELANTRAARACIMIZIN SAC AKSAMINDA HERHANGİ Bİ BOYA DEĞİŞEN BULUNMAMAKTADIRYALNIZCA TAMPONLARDA BOYA VARDIRBUNA BAĞLI OLARAK 1.450 TL TRAMER KAYDI BULUNMAKTADIRYedek anahtarı mevcutturTakas ve kredi desteğimiz mevcutturDaha detaylı bilgi için iletişime geçebilirsiniz...
8, 16511046   , 03 Şubat 2021   , Toyota   , Corolla   , 1.6 Vision   , 2020   , Benzin   , Yarı Otomatik   , 1401 - 1600 cm3   , 126 - 150 HP   , 0 km   ,https://www.arabam.com//ilan/galeriden-satilik-toyota-corolla-1-6-vision/dragon-motors-2020-corolla-1-6-vision-multidrive-s-sifir-km/16511046,  208.500 TL  ,   Created by Arabam IT  Ön Tampon     Sağ Arka ÇamurlukMotor KaputuArka KaputTavanArka Tampon  Sağ Arka Çamurluk:  Orijinal  Arka Kaput:  Orijinal  Sol Arka Çamurluk:  Orijinal  Sağ Arka Kapı:  Orijinal  Sağ Ön Kapı:  Orijinal  Tavan:  Orijinal  Sol Arka Kapı:  Orijinal  Sol Ön Kapı:  Orijinal  Sağ Ön Çamurluk:  Orijinal  Motor Kaputu:  Orijinal  Sol Ön Çamurluk:  Orijinal  Ön Tampon:  Orijinal  Arka Tampon:  Orijinal  BelirtilmemişOrijinalBoyalıLokal BoyalıDeğişmiş ,DRAGON MOTORS2020 TOYOTA COROLLA 1.6 VISION MULTIDRIVE S“1.6 132 BG.”“SIFIR KM.”TRAMER:HASAR KAYDI YOKTUR EKSPERTİZ:HATASIZ*ÖZELLİKLER*ELEKTRONİK EL FRENİ AUTO HOLDÖN – ARKA LED FARLARDİJİTAL KLİMAHIZ SABİTLEMESOĞUTMALI TORPİDOLED ARKA STOP LAMBALARIELEKTRİKLİ – ISITMALI YAN AYNALARFONKSİYONEL DERİ DİREKSİYONARAÇ DENGE KONTROL SİSTEMİ (VSC)SPORT – ECO SÜRÜŞ MODLARIFREN DESTEK SİSTEMİÇEKİŞ KONTROL SİSTEMİACİL FREN UYARI SİSTEMİYAĞMUR SENSÖRÜBLUETOOTH – AUX – USB BAĞLANTIV.S….ADRES: OTOPORT AVM E-5 YOLU ÜZERİ HARAMİDERE KAVŞAĞI KAT:6 NO:190-191-192YETKİLİ: SELÇUK DABANLI0530 652 80 70
9, 16503200   , 03 Şubat 2021   , Fiat   , Egea   , 1.4 Fire Easy   , 2020   , Benzin   , Düz   , 1201 - 1400 cm3   , 76 - 100 HP   , 0 km   ,https://www.arabam.com//ilan/galeriden-satilik-fiat-egea-1-4-fire-easy/dragon-motors-2020-egea-1-4-fire-easy-sifir-km/16503200,  132.000 TL  ,   Created by Arabam IT  Ön Tampon     Sağ Arka ÇamurlukMotor KaputuArka KaputTavanArka Tampon  Sağ Arka Çamurluk:  Orijinal  Arka Kaput:  Orijinal  Sol Arka Çamurluk:  Orijinal  Sağ Arka Kapı:  Orijinal  Sağ Ön Kapı:  Orijinal  Tavan:  Orijinal  Sol Arka Kapı:  Orijinal  Sol Ön Kapı:  Orijinal  Sağ Ön Çamurluk:  Orijinal  Motor Kaputu:  Orijinal  Sol Ön Çamurluk:  Orijinal  Ön Tampon:  Orijinal  Arka Tampon:  Orijinal  BelirtilmemişOrijinalBoyalıLokal BoyalıDeğişmiş ,DRAGON MOTORS2020 FIAT EGEA 1.4 FIRE EASY“1.4 95 BG.”“SIFIR KM.”TRAMER:HASAR KAYDI YOKTUR EKSPERTİZ:HATASIZ*ÖZELLİKLER*KLİMAABS - ESPHAVA YASTIĞIELEKTRİKLİ CAMELETRİKLİ AYNALARYOL BİLGİSAYARI YOKUŞ KALKIŞ DESTEĞİKROM KAPI KOLLARITELEFON BLUETOOTH – USB – AUX BAĞLANTIFONKSİYONEL DİREKSİYONV.S….ADRES: OTOPORT AVM E-5 YOLU ÜZERİ HARAMİDERE KAVŞAĞI KAT:6 NO:190-191-192YETKİLİ: SELÇUK DABANLI0530 652 80 70
10, 16503198   , 03 Şubat 2021   , Opel   , Corsa   , 1.2 Elegance   , 2020   , Benzin   , Otomatik   , 1200 cm3' e kadar   , 76 - 100 HP   , 1.280 km   ,https://www.arabam.com//ilan/galeriden-satilik-opel-corsa-1-2-elegance/dragon-motors-2020-corsa-1-2t-elegance-cam-tavan-cift-renk/16503198,  218.000 TL  ,   Created by Arabam IT  Ön Tampon     Sağ Arka ÇamurlukMotor KaputuArka KaputTavanArka Tampon  Sağ Arka Çamurluk:  Orijinal  Arka Kaput:  Orijinal  Sol Arka Çamurluk:  Orijinal  Sağ Arka Kapı:  Orijinal  Sağ Ön Kapı:  Orijinal  Tavan:  Orijinal  Sol Arka Kapı:  Orijinal  Sol Ön Kapı:  Orijinal  Sağ Ön Çamurluk:  Orijinal  Motor Kaputu:  Orijinal  Sol Ön Çamurluk:  Orijinal  Ön Tampon:  Orijinal  Arka Tampon:  Orijinal  BelirtilmemişOrijinalBoyalıLokal BoyalıDeğişmiş ,DRAGON MOTORS2020 OPEL CORSA ELEGANCE“1.2 TURBO 100 BG.”“BİN İKİ YÜZ KM.”CAM TAVANÇİFT RENKTRAMER:HASAR KAYDI YOKTUR EKSPERTİZ:HATASIZ*ÖZELLİKLER*ŞERİT TAKİP SİSTEMİÇARPIŞMA ÖNLEYİCİ SİSTEMTABELA OKUMA SİSTEMİELEKTRONİK PARK FRENİOTOMATİK UZUN FAR SİSTEMİJOYSTICK VİTESF1 ŞANZIMAN3 FARKLI SÜRÜŞ MODUIYOKUŞ KALKIŞ DESTEĞİSÜRÜCÜ YORGUNLUK UYARI SİSTEMİYAYA ALGILAMA ACİL FREN SİSTEMİHIZ SABİTLEMEÖN – ARKA LED FARLARLED GÜNDÜZ FARLARIPARK SENSÖRÜFAR – YAĞMUR SENSÖRÜNAVİGASYON HAZIRLIĞIBLUETOOTH – AUX – USB BAĞLANTIAPPLE CAR PLAY7” DOKUNMATİK EKRAN16” ALAŞIMLI JANTLARV.S….ADRES: OTOPORT AVM E-5 YOLU ÜZERİ HARAMİDERE KAVŞAĞI KAT:6 NO:190-191-192YETKİLİ: SELÇUK DABANLI0530 652 80 70
11, 15675356   , 03 Şubat 2021   , BMW   , 7 Serisi   , 730d Long Standart   , 2006   , Dizel   , Otomatik   , 2993 cc   , 231 hp   , 415.000 km   ,https://www.arabam.com//ilan/galeriden-satilik-bmw-7-serisi-730d-long-standart/dragon-motors-bmw-7-30d-long-sinifinin-en-dolusu/15675356,  230.000 TL  ,   Created by Arabam IT  Ön Tampon     Sağ Arka ÇamurlukMotor KaputuArka KaputTavanArka Tampon  Sağ Arka Çamurluk:  Orijinal  Arka Kaput:  Orijinal  Sol Arka Çamurluk:  Orijinal  Sağ Arka Kapı:  Orijinal  Sağ Ön Kapı:  Orijinal  Tavan:  Orijinal  Sol Arka Kapı:  Orijinal  Sol Ön Kapı:  Orijinal  Sağ Ön Çamurluk:  Orijinal  Motor Kaputu:  Orijinal  Sol Ön Çamurluk:  Orijinal  Ön Tampon:  Orijinal  Arka Tampon:  Orijinal  BelirtilmemişOrijinalBoyalıLokal BoyalıDeğişmiş ,DRAGON MOTORS2006 BMW 7.30d LONGARAÇ MAKAM ARACI OLARAK UZUN YOLDA KULLANILMIŞTIR“415.000 KM”SİYAH İÇİ TABADERİ DÖŞEME HİÇ KULLLANILMAMIŞ SIFIR KOKUSU ÜZERİNDE TRAMER:PARÇA PARÇA 38.000 TL *ÖZELLİKLER*​VAKUMLU KAPILARELEKTRKLİ BAGAJ 4 KOLTUK ISITMAELEKTRKLİ HAFIZALI KOLTUKLAREĞLENCE PAKETİAKTİF TVDIGITAL 4 YÖNLÜ KLİMAELEKTRKLİ AYARLANABİLİR DİREKSİYONARKA ELEKTRİKLİ PERDELERSUNROOFGENİŞ KAPSAMLI YOL BİLGİSAYARISTART STOPHIZ SABİTLEYİCİ4 FARKLI SÜRÜŞ MODUAUTO HOLDV.S….ADRES: OTOPORT AVM E-5 YOLU ÜZERİ HARAMİDERE KAVŞAĞI KAT:6 NO:190-191-192YETKİLİ: SELÇUK DABANLITEL:0530-652-8070HALİL İBRAHİM BEYTEL:0533-214-2987
12, 16403107   , 03 Şubat 2021   , Renault   , Clio   , 1.5 dCi Authentique   , 2004   , Dizel   , Düz   , 1461 cc   , 65 hp   , 165.000 km   ,https://www.arabam.com//ilan/galeriden-satilik-renault-clio-1-5-dci-authentique/degisensiz/16403107,  51.999 TL  , Satıcı bu ilan için boya - değişen  - tramer bilgisi vermemiştir.Detaylı bilgi almak için satıcı ile iletişime geçebilirsiniz. ,Arac full klimalidir paket  DEGİŞEN YOK komple temizlik boyası vardır cok temiz Bi aractır bütün bakımları yapılmıştır ön takım sıfır yapılmıştır 
13, 16632912   , 03 Şubat 2021   , Ford   , Focus   , 1.6 TDCi Trend X   , 2013   , Dizel   , Düz   , 1560 cc   , 115 hp   , 157.000 km   ,https://www.arabam.com//ilan/galeriden-satilik-ford-focus-1-6-tdci-trend-x/ozeloglu-otomotiv-den-2013-ford-focus-1-6-tdci-trend-x-157000-km/16632912,  137.500 TL  , Satıcı bu ilan için boya - değişen  bilgisi vermemiştir.Detaylı bilgi almak için satıcı ile iletişime geçebilirsiniz.   Toplam Tramer Tutarı:  0 TL  ,Ford Focus 1.6 TDCi Trend X
14, 16632226   , 03 Şubat 2021   , Fiat   , Tipo   , 1.4 SX ie   , 1998   , LPG & Benzin   , Düz   , 1372 cc   , 70 hp   , 153.000 km   ,https://www.arabam.com//ilan/galeriden-satilik-fiat-tipo-1-4-sx-ie/galeriden-fiat-tipo-1-4-sx-ie-1998-model-van/16632226,  33.000 TL  ,   Created by Arabam IT  Ön Tampon     Sağ Arka ÇamurlukMotor KaputuArka KaputTavanArka Tampon  Sağ Arka Çamurluk:  Boyanmış  Arka Kaput:  Boyanmış  Sol Arka Çamurluk:  Boyanmış  Sağ Arka Kapı:  Boyanmış  Sağ Ön Kapı:  Boyanmış  Tavan:  Boyanmış  Sol Arka Kapı:  Boyanmış  Sol Ön Kapı:  Boyanmış  Sağ Ön Çamurluk:  Boyanmış  Motor Kaputu:  Boyanmış  Sol Ön Çamurluk:  Boyanmış  Ön Tampon:  Boyanmış  Arka Tampon:  Boyanmış  BelirtilmemişOrijinalBoyalıLokal BoyalıDeğişmiş ,Aracımız çok temiz olup hiçbir sıkıntısı motoru yürüyeni gayet iyi durumdadır araç yaşından dolayı komple boyalıdır alıcısına hayırlı olsun
15, 15939786   , 03 Şubat 2021   , Hyundai   , i10   , 1.2 D-CVVT Elite   , 2016   , Benzin   , Otomatik   , 1201 - 1400 cm3   , 76 - 100 HP   , 45.000 km   ,https://www.arabam.com//ilan/galeriden-satilik-hyundai-i10-1-2-d-cvvt-elite/2016-model-i10-elite-1-2-otomatik-orjinal-45-bin-km-de/15939786,  136.900 TL  ,   Created by Arabam IT  Ön Tampon     Sağ Arka ÇamurlukMotor KaputuArka KaputTavanArka Tampon  Sağ Arka Çamurluk:  Orijinal  Arka Kaput:  Orijinal  Sol Arka Çamurluk:  Orijinal  Sağ Arka Kapı:  Orijinal  Sağ Ön Kapı:  Orijinal  Tavan:  Orijinal  Sol Arka Kapı:  Orijinal  Sol Ön Kapı:  Orijinal  Sağ Ön Çamurluk:  Orijinal  Motor Kaputu:  Orijinal  Sol Ön Çamurluk:  Orijinal  Ön Tampon:  Orijinal  Arka Tampon:  Orijinal  BelirtilmemişOrijinalBoyalıLokal BoyalıDeğişmiş ,"2016 MODEL HYUNDAİ İ10 ELİTE
1.2 TAM OTOMATİK 87 BG 
İLK SAHİBİNDEN ALINDI. 
​ORJİNAL 45 BİN KM DE YETKİLİ SERVİS BAKIMLI OCAK 2022 FABRİKA GARANTİSİNDE
DEĞİŞEN YOK HASAR KAYDI YOK
SOL ARKA KAPI VE ÇAMURLUĞUN BİRLEŞTİĞİ
ALT KISIMDA LOKAL ÇİZİK BOYASI VARDIR. 
HATASIZ KUSURSUZ. 
YEDEK ANAHTARI MEVCUT 
PLAKA 35 NGT 64
​İLETİŞİM: 0532 260 98 29 ALPASLAN LALANCI
"
16, 16625398   , 03 Şubat 2021   , BMW   , 1 Serisi   , 116i Comfort   , 2014   , Benzin   , Otomatik   , 1598 cc   , 136 hp   , 109.000 km   ,https://www.arabam.com//ilan/galeriden-satilik-bmw-1-serisi-116i-comfort/ozeloglu-otomotiv-den-degisensiz-boyasiz-tramersiz-109-000-km-de/16625398,  225.000 TL  ,   Created by Arabam IT  Ön Tampon     Sağ Arka ÇamurlukMotor KaputuArka KaputTavanArka Tampon  Sağ Arka Çamurluk:  Orijinal  Arka Kaput:  Orijinal  Sol Arka Çamurluk:  Orijinal  Sağ Arka Kapı:  Orijinal  Sağ Ön Kapı:  Orijinal  Tavan:  Orijinal  Sol Arka Kapı:  Orijinal  Sol Ön Kapı:  Orijinal  Sağ Ön Çamurluk:  Orijinal  Motor Kaputu:  Orijinal  Sol Ön Çamurluk:  Orijinal  Ön Tampon:  Orijinal  Arka Tampon:  Orijinal  BelirtilmemişOrijinalBoyalıLokal BoyalıDeğişmiş ,MOTOR VE ŞANZUMAN AKSAMLARI KUSURSUZDUR.BAKIMLARI EKSİKSİZ VE ZAMANINDA DÜZENLİ OLARAK YETKİLİ SERVİSTE YAPILMIŞTIR.ARACIM EXPERTİZ GARANTİLİ OLUP İSTENİLEN YERDE GEREKLİ KONTROLLER YAPTIRILABİLİR.
17, 16658676   , 04 Şubat 2021   , Renault   , Scenic   , 1.6 Privilege   , 2004   , LPG & Benzin   , Otomatik   , 1598 cc   , 115 hp   , 220.000 km   ,https://www.arabam.com//ilan/galeriden-satilik-renault-scenic-1-6-privilege/yavuzlar-otomotiv-den-reno-scanic-1-6-benzin-lpg-otomatik-vites-privilaj-cam-tavan/16658676,  79.900 TL  , Satıcı bu ilan için boya - değişen  - tramer bilgisi vermemiştir.Detaylı bilgi almak için satıcı ile iletişime geçebilirsiniz. ,ARACIMIZ 2004 MODEL FULL PAKET 220000 BİNDE ARACIN SOL ARKA ÇAMURLUĞU DEĞİŞİK ÖN TARAFDA İŞLEM BOYA DEĞİŞME YOKTUR PARÇA PARÇA 19000 TREMER VARDIR
18, 16024868   , 04 Şubat 2021   , Ford   , Focus   , 1.6 TDCi Trend X   , 2017   , Dizel   , Düz   , 1560 cc   , 95 hp   , 155.000 km   ,https://www.arabam.com//ilan/galeriden-satilik-ford-focus-1-6-tdci-trend-x/turgut-otomotiv-den-focus-1-6-tdci-trend-x/16024868,  172.500 TL  ,   Created by Arabam IT  Ön Tampon     Sağ Arka ÇamurlukMotor KaputuArka KaputTavanArka Tampon  Sol Ön Kapı:  Boyanmış  Sol Ön Çamurluk:  Boyanmış  BelirtilmemişOrijinalBoyalıLokal BoyalıDeğişmiş   Tramer tutarı yok   , ﻿***TURGUT OTOMOTİV'DEN***  ﻿﻿  ARAÇTA 1 ÇAMURLUK 1 KAPI BOYALIDIR  MOTOR YÜRÜYEN SORUNSUZDUR MODELİNDE BİRİNCİ SINIFTIREKSPER RAPORU FOTOLARDA MEVCUTTUR  ALICIYA ŞİMDİDEN HAYIRLI UĞURLU OSLUN İNŞALLAH ....     DETAYLI BİLGİ İÇİN ARAYINIZ..           GSM=0532 208 04 24       HASAR KAYDI YOKTUR             ﻿  https://www.arabam.com/galeri/turgut-otomotiv-diyarbakir/ 
19, 15992512   , 04 Şubat 2021   , Ford   , Focus   , 1.6 TDCi Trend X   , 2014   , Dizel   , Düz   , 1560 cc   , 95 hp   , 238.000 km   ,https://www.arabam.com//ilan/galeriden-satilik-ford-focus-1-6-tdci-trend-x/turgut-otomotiv-den-focus-1-6-tdci-trend-x/15992512,  129.500 TL  ,   Created by Arabam IT  Ön Tampon     Sağ Arka ÇamurlukMotor KaputuArka KaputTavanArka Tampon  Arka Kaput:  Değişmiş  Sağ Arka Kapı:  Boyanmış  Sağ Ön Çamurluk:  Değişmiş  BelirtilmemişOrijinalBoyalıLokal BoyalıDeğişmiş   Toplam Tramer Tutarı:  9.000 TL  , ﻿***TURGUT OTOMOTİV'DEN***  ﻿﻿  ARAÇTA 1 ÇAMURLUK VE BAĞAÇ DEĞİŞEN 1 PARÇA 1 YAMA BOYA VARDIRMOTOR YÜRÜYEN SORUNSUZDUR MODELİNDE BİRİNCİ SINIFTIREKSPER RAPORU FOTOLARDA MEVCUTTUR  ALICIYA ŞİMDİDEN HAYIRLI UĞURLU OSLUN İNŞALLAH ....     DETAYLI BİLGİ İÇİN ARAYINIZ..           GSM=0532 208 04 24       HASAR KAYDI 9000 TL             ﻿  https://www.arabam.com/galeri/turgut-otomotiv-diyarbakir/ 
20, 16477911   , 04 Şubat 2021   , Tofaş   , Doğan   , SLX   , 1996   , LPG & Benzin   , Düz   , 1581 cc   , 83 hp   , 190.000 km   ,https://www.arabam.com//ilan/galeriden-satilik-tofas-dogan-slx/galeriden-tofas-dogan-slx-1996-model-gaziantep/16477911,  30.000 TL  , Satıcı bu ilan için boya - değişen  - tramer bilgisi vermemiştir.Detaylı bilgi almak için satıcı ile iletişime geçebilirsiniz. ,Tofaş Doğan SLX
21, 16657882   , 04 Şubat 2021   , Honda   , Civic   , 1.5 i-VTEC RS   , 2018   , Benzin   , Otomatik   , 1498 cc   , 182 hp   , 32.000 km   ,https://www.arabam.com//ilan/galeriden-satilik-honda-civic-1-5-i-vtec-rs/hz-motors-tan-2018-model-32-000-km-boyasiz-hatasiz-rs-ekstrali-tertemiz/16657882,  289.900 TL  ,   Created by Arabam IT  Ön Tampon     Sağ Arka ÇamurlukMotor KaputuArka KaputTavanArka Tampon  Sağ Arka Çamurluk:  Orijinal  Arka Kaput:  Orijinal  Sol Arka Çamurluk:  Orijinal  Sağ Arka Kapı:  Orijinal  Sağ Ön Kapı:  Orijinal  Tavan:  Orijinal  Sol Arka Kapı:  Orijinal  Sol Ön Kapı:  Orijinal  Sağ Ön Çamurluk:  Orijinal  Motor Kaputu:  Orijinal  Sol Ön Çamurluk:  Orijinal  Ön Tampon:  Orijinal  Arka Tampon:  Orijinal  BelirtilmemişOrijinalBoyalıLokal BoyalıDeğişmiş   Tramer tutarı yok   ,"HZ MOTORS

 2018
MODEL 32.000 KM 1.5
TURBO 182 HP OTOMATİK
 
 HATASIZ-KAZASIZ-BOYASIZ-ORJİNAL-EKSTRALI
 
 6
YIL GARANTİ KAPSAMINDA
 
 ARACIMIZIN
TÜM BAKIMLARI YETKİLİ SERVİSTE YAPILMIŞTIR
 
 TÜM
EKSTRALAR YETKİLİ SERVİSTE EKLENMİŞTİR
 
 MOTOR,
ŞANZUMAN, MEKANİK-ELEKTRONİK AKSAMLARDA SORUN YOKTUR
 
 SERAMİK
KAPLAMA+BOYA KORUMA 4 AY ÖNCE YENİLENMİŞTİR
 
 SAĞ
ARKA ÇAMURLUKTA GÖZE BATMAYAN ÇİZİK MEVCUT
 
RS
DONANIMA EK OLARAK;
 
ÖZEL RS
LED STOP FARLARI
KÖPEKBALIĞI
ANTEN
KARARTMALI
DİKİZ AYNASI
İÇ
AMBİANS AYDINLATMA
FC5 RS
IŞIKLI KAPI EŞİK NIKELAJI
SPOR
BODY-KİT PAKET
RS
IŞIKLI BAGAJ SPOILERİ
 
STANDART DONANIM;
 
DİJİTAL KLİMA
SUNROOF
FONKSİYONEL DERİ
DİREKSİYON
PADDLE
SHIFT (F1)
CAR PLAY
ECON
FONKSİYONU
ISITMALI DERİ
KOLTUKLAR
HAYALET GÖSTERGE /
GENİŞ MULTİMEDYA EKRAN
ELEKTRİKLİ ﻿EL FRENİ / FRENDE
TUTMA
ANAHTARSIZ GİRİŞ –
ÇALIŞTIRMA
ÖN – ARKA PARK SENSÖRÜ
GENİŞ MULTİMEDYA EKRAN
GERİ GÖRÜŞ KAMERASI
BLUETOOTH / USB / AUX / HDMI
ECON MOD DUYARLI CRUISE
CONTROL
LED FARLAR
NAVİGASYON
VS..
 "
22, 16660361   , 04 Şubat 2021   , Ford   , Focus   , 1.6 Trend X   , 2012   , Benzin   , Otomatik   , 1601 - 1800 cm3   , 76 - 100 HP   , 92.000 km   ,https://www.arabam.com//ilan/galeriden-satilik-ford-focus-1-6-trend-x/ozeloglu-otomotiv-den-2012-focus-92-bin-km-de-trend-x/16660361,  147.250 TL  ,   Created by Arabam IT  Ön Tampon     Sağ Arka ÇamurlukMotor KaputuArka KaputTavanArka Tampon  Sağ Arka Çamurluk:  Orijinal  Arka Kaput:  Orijinal  Sol Arka Çamurluk:  Orijinal  Sağ Arka Kapı:  Orijinal  Sağ Ön Kapı:  Orijinal  Tavan:  Orijinal  Sol Arka Kapı:  Orijinal  Sol Ön Kapı:  Orijinal  Sağ Ön Çamurluk:  Orijinal  Motor Kaputu:  Orijinal  Sol Ön Çamurluk:  Orijinal  Ön Tampon:  Orijinal  Arka Tampon:  Orijinal  BelirtilmemişOrijinalBoyalıLokal BoyalıDeğişmiş ,ARACIMIZIN MOTOR YÜRÜYEN ŞANZIMAN AKSAMI KUSURSUZDUR..KİLOMETRESİ 92.000 ORJBAKIMLARI TAMDIRİÇ DÖŞEMELERİNDE YANIK YIRTIK DEFORME YOKTUR..
23, 16136012   , 04 Şubat 2021   , Seat   , Leon   , 1.6 TDI CR Style   , 2014   , Dizel   , Yarı Otomatik   , 1598 cc   , 105 hp   , 98.000 km   ,https://www.arabam.com//ilan/galeriden-satilik-seat-leon-1-6-tdi-cr-style/auto-es-den-dizel-otomatik-led-paket-ozel-renk-orjinal-98-000-km/16136012,  173.000 TL  ,   Created by Arabam IT  Ön Tampon     Sağ Arka ÇamurlukMotor KaputuArka KaputTavanArka Tampon  Sağ Arka Çamurluk:  Orijinal  Arka Kaput:  Orijinal  Sol Arka Çamurluk:  Orijinal  Sağ Arka Kapı:  Orijinal  Sağ Ön Kapı:  Orijinal  Tavan:  Orijinal  Sol Arka Kapı:  Orijinal  Sol Ön Kapı:  Orijinal  Sağ Ön Çamurluk:  Orijinal  Motor Kaputu:  Orijinal  Sol Ön Çamurluk:  Orijinal  Ön Tampon:  Orijinal  Arka Tampon:  Orijinal  BelirtilmemişOrijinalBoyalıLokal BoyalıDeğişmiş ,DİZEL OTOMATİK ORJİNAL 98.000 KMİLK SAHİBİNDENSERVİS BAKIMLIÖZEL RENKKAHVERENGİ GEÇİYORLED PAKETSTART STOPCRUISE CONTROL ÖN ARKA PARK SENSÖRÜFAR YAĞMUR SENSÖRÜ KATLANIR AYNAGİBİ BAZI ÖZELLİKLERE SAHİP ÇİZİKDEN DOLAYI KAPUT VE SAĞ TARAF BOYALITRAMER KAYDI 2.500 TLİÇ DIŞ TEMİZLİK VE BOYA KORUMASI YAPILMIŞ MASRAFSIZ SORUNSUZ SATIŞA HAZIR
24, 16565925   , 04 Şubat 2021   , Volkswagen   , Passat   , 1.4 TSi BlueMotion Comfortline   , 2016   , Benzin   , Düz   , 1395 cc   , 125 hp   , 66.000 km   ,https://www.arabam.com//ilan/galeriden-satilik-volkswagen-passat-1-4-tsi-bluemotion-comfortline/degisensin-kayitsiz-cam-tavan/16565925,  272.500 TL  ,   Created by Arabam IT  Ön Tampon     Sağ Arka ÇamurlukMotor KaputuArka KaputTavanArka Tampon  Sağ Arka Çamurluk:  Orijinal  Arka Kaput:  Orijinal  Sol Arka Çamurluk:  Orijinal  Sağ Arka Kapı:  Orijinal  Sağ Ön Kapı:  Orijinal  Tavan:  Orijinal  Sol Arka Kapı:  Orijinal  Sol Ön Kapı:  Orijinal  Sağ Ön Çamurluk:  Orijinal  Motor Kaputu:  Orijinal  Sol Ön Çamurluk:  Orijinal  Ön Tampon:  Orijinal  Arka Tampon:  Orijinal  BelirtilmemişOrijinalBoyalıLokal BoyalıDeğişmiş ,Sağ ön çamurluk ve kaputun ucunda bir karış kadar boya ve arka bagaj kapağında Amblemin yanında 20-25 cm lokal boya var gerisi BOYASIZ DEĞİŞENSİZAracınız UŞAK TA
25, 16092895   , 04 Şubat 2021   , Toyota   , Corolla   , 1.4 D-4D Advance   , 2014   , Dizel   , Düz   , 1201 - 1400 cm3   , 76 - 100 HP   , 162.000 km   ,https://www.arabam.com//ilan/galeriden-satilik-toyota-corolla-1-4-d-4d-advance/cengiz-otomotiv-den-2014-toyota-corolla-dizel-advance-1-4-d4/16092895,  153.000 TL  ,   Created by Arabam IT  Ön Tampon     Sağ Arka ÇamurlukMotor KaputuArka KaputTavanArka Tampon  Sağ Arka Çamurluk:  Orijinal  Arka Kaput:  Orijinal  Sol Arka Çamurluk:  Orijinal  Sağ Arka Kapı:  Orijinal  Sağ Ön Kapı:  Orijinal  Tavan:  Orijinal  Sol Arka Kapı:  Orijinal  Sol Ön Kapı:  Orijinal  Sağ Ön Çamurluk:  Orijinal  Motor Kaputu:  Orijinal  Sol Ön Çamurluk:  Orijinal  Ön Tampon:  Orijinal  Arka Tampon:  Orijinal  BelirtilmemişOrijinalBoyalıLokal BoyalıDeğişmiş ,"Sağ iki kapı değişen 
sağ arka çamurluk boyalı gerisi hatasız 
tertemiz araç 
geri görüş 
geniş ekran 
Alıcısına Hayırlı olsun 
"
26, 16092894   , 04 Şubat 2021   , Peugeot   , 301   , 1.6 HDi Active   , 2017   , Dizel   , Düz   , 1401 - 1600 cm3   , 76 - 100 HP   , 111.300 km   ,https://www.arabam.com//ilan/galeriden-satilik-peugeot-301-1-6-hdi-active/acil-fiyat-dustu-2017-peugeot-301-active-hatasiz-boyasiz/16092894,  118.500 TL  ,   Created by Arabam IT  Ön Tampon     Sağ Arka ÇamurlukMotor KaputuArka KaputTavanArka Tampon  Sağ Arka Çamurluk:  Orijinal  Arka Kaput:  Orijinal  Sol Arka Çamurluk:  Orijinal  Sağ Arka Kapı:  Orijinal  Sağ Ön Kapı:  Orijinal  Tavan:  Orijinal  Sol Arka Kapı:  Orijinal  Sol Ön Kapı:  Orijinal  Sağ Ön Çamurluk:  Orijinal  Motor Kaputu:  Orijinal  Sol Ön Çamurluk:  Orijinal  Ön Tampon:  Orijinal  Arka Tampon:  Orijinal  BelirtilmemişOrijinalBoyalıLokal BoyalıDeğişmiş ,"darbesiz boyasız 
tramersiz 
yeni kasa 
Alıcısına Hayırlı olsun 
"
27, 16525916   , 04 Şubat 2021   , Volkswagen   , Passat   , 1.6 TDi BlueMotion Highline   , 2015   , Dizel   , Yarı Otomatik   , 1598 cc   , 120 hp   , 180.000 km   ,https://www.arabam.com//ilan/galeriden-satilik-volkswagen-passat-1-6-tdi-bluemotion-highline/hatasiz-boyasiz/16525916,  335.000 TL  ,   Created by Arabam IT  Ön Tampon     Sağ Arka ÇamurlukMotor KaputuArka KaputTavanArka Tampon  Sağ Arka Çamurluk:  Orijinal  Arka Kaput:  Orijinal  Sol Arka Çamurluk:  Orijinal  Sağ Arka Kapı:  Orijinal  Sağ Ön Kapı:  Orijinal  Tavan:  Orijinal  Sol Arka Kapı:  Orijinal  Sol Ön Kapı:  Orijinal  Sağ Ön Çamurluk:  Orijinal  Motor Kaputu:  Orijinal  Sol Ön Çamurluk:  Orijinal  Ön Tampon:  Orijinal  Arka Tampon:  Orijinal  BelirtilmemişOrijinalBoyalıLokal BoyalıDeğişmiş ,HATASIZ BOYASIZKOMPLE SERVİS BAKIMLI ÇİFT NAVİGASYONSEYİR HALİNDE VİDEO OYNATMA NOT:SADECE SOL İKİ KAPI SÖK TAK KURU ÇEKİÇ YAPILMIŞTIR
28, 16199758   , 04 Şubat 2021   , Audi   , A3   , A3 Sedan 1.6 TDI Ambiente   , 2015   , Dizel   , Yarı Otomatik   , 1598 cc   , 110 hp   , 193.000 km   ,https://www.arabam.com//ilan/galeriden-satilik-audi-a3-sedan-1-6-tdi-ambiente/ici-taba-ozel-uretim/16199758,  255.000 TL  ,   Created by Arabam IT  Ön Tampon     Sağ Arka ÇamurlukMotor KaputuArka KaputTavanArka Tampon  Sağ Arka Çamurluk:  Orijinal  Arka Kaput:  Orijinal  Sol Arka Çamurluk:  Orijinal  Sağ Arka Kapı:  Orijinal  Sağ Ön Kapı:  Orijinal  Tavan:  Orijinal  Sol Arka Kapı:  Orijinal  Sol Ön Kapı:  Orijinal  Sağ Ön Çamurluk:  Orijinal  Motor Kaputu:  Orijinal  Sol Ön Çamurluk:  Orijinal  Ön Tampon:  Orijinal  Arka Tampon:  Orijinal  BelirtilmemişOrijinalBoyalıLokal BoyalıDeğişmiş ,ARACIN İÇİ ÖZEL BAYİ ÇIKIŞLI TABA RENGİDİR ​SANROOFDijital KlimaBluetoothFonksiyonel DireksiyonAlaşımlı JantFar Ve Yağmur SensörüLastik Basınç SensörüPark SensörüYokuş Kalkış DesteğiCruise ControlElektronik El FreniVE DAHA SAYAMADIĞIMIZ BİR ÇOK ÖZELLİK MEVCUTTUR GÖZLE GÖRÜLMEYE DEĞER BİR ARAÇTIRMATRİX FAR FLAŞ LED ZENON ARAÇ FULL ARTI FULLDÜRARAÇ EMSALLERİNE GÖRE ÇOK TEMİZDİR SIFIR KOKUSU ÜZERİNDEDİR İÇERİSİNDE HERHANGİ BİR DEFORMASYON YIRTIK YANIK VS YOKTUR !!!*SAĞ ARKA KAPI KORDON ALTI BOYALI*5.000 TRAMER MEVCUT
29, 16543350   , 04 Şubat 2021   , Opel   , Astra   , 1.4 Classic   , 2008   , Benzin   , Düz   , 1364 cc   , 90 hp   , 85.000 km   ,https://www.arabam.com//ilan/galeriden-satilik-opel-astra-1-4-classic/tr-de-sayili-arac-2008-model-85-binde/16543350,  85.500 TL  ,   Created by Arabam IT  Ön Tampon     Sağ Arka ÇamurlukMotor KaputuArka KaputTavanArka Tampon  Sağ Arka Çamurluk:  Orijinal  Arka Kaput:  Orijinal  Sol Arka Çamurluk:  Orijinal  Sağ Arka Kapı:  Orijinal  Sağ Ön Kapı:  Orijinal  Tavan:  Orijinal  Sol Arka Kapı:  Orijinal  Sol Ön Kapı:  Orijinal  Sağ Ön Çamurluk:  Orijinal  Motor Kaputu:  Orijinal  Sol Ön Çamurluk:  Orijinal  Ön Tampon:  Orijinal  Arka Tampon:  Orijinal  BelirtilmemişOrijinalBoyalıLokal BoyalıDeğişmiş   Tramer tutarı yok   ,"HATA,BOYA,TRAMER YOKTUR.GÜNEŞ YANIĞI KESİNLİKLE YOKTUR.MOTOR,ŞANZIMAN KUSURSUZDUR.MUAYENEYE YAKLASIK 8 AY VARDIR.4 LASTİK YENİDİRKM ORİJİNALDİRTÜVTÜRK MUAYENE KAĞITLARI MEVCUTTUR.STEPNESİ HİÇ KULLANILMAMIŞTIR"
30, 16566489   , 04 Şubat 2021   , Ford   , Focus   , 1.6 Collection   , 2006   , LPG & Benzin   , Düz   , 1596 cc   , 100 hp   , 166.000 km   ,https://www.arabam.com//ilan/galeriden-satilik-ford-focus-1-6-collection/gb-motors-dan-ford-focus-1-6-collection-lpg-li/16566489,  77.000 TL  ,   Created by Arabam IT  Ön Tampon     Sağ Arka ÇamurlukMotor KaputuArka KaputTavanArka Tampon  Sağ Arka Çamurluk:  Orijinal  Arka Kaput:  Orijinal  Sol Arka Çamurluk:  Orijinal  Sağ Arka Kapı:  Orijinal  Sağ Ön Kapı:  Orijinal  Tavan:  Orijinal  Sol Arka Kapı:  Orijinal  Sol Ön Kapı:  Orijinal  Sağ Ön Çamurluk:  Orijinal  Motor Kaputu:  Orijinal  Sol Ön Çamurluk:  Orijinal  Ön Tampon:  Orijinal  Arka Tampon:  Orijinal  BelirtilmemişOrijinalBoyalıLokal BoyalıDeğişmiş ,"DEĞİŞEN VE BOYALI PARÇALARI EXPER RAPORUNDA PAYLAŞILMIŞTIR



Aracımın muayenesini daha 15 gün önce yapılmıştır.



4 lastik sıfır ayarındadır,%85'DİR.



Kozmetik olarak temiz binilmiş olup,Motor olarak çok sağlıklıdır.



Exper raporu fotoğrafa eklenmiştir.



Km ORİJİNAL 160 BİNDEDİR.



PAZARLIK CÜZİDİR.


PLAKA DEĞİŞİKLİĞİ YAPILMIŞTIR.GUNCEL PLAKASİ:74 AAL 666 özel plakadir.
"
31, 16566488   , 04 Şubat 2021   , Hyundai   , i20   , 1.0 T-GDI Style   , 2020   , LPG & Benzin   , Otomatik   , 1200 cm3' e kadar   , 76 - 100 HP   , 0 km   ,https://www.arabam.com//ilan/galeriden-satilik-hyundai-i20-1-0-t-gdi-style/hibrit-hata-boya-tramer-yoktur/16566488,  215.500 TL  ,   Created by Arabam IT  Ön Tampon     Sağ Arka ÇamurlukMotor KaputuArka KaputTavanArka Tampon  Sağ Arka Çamurluk:  Orijinal  Arka Kaput:  Orijinal  Sol Arka Çamurluk:  Orijinal  Sağ Arka Kapı:  Orijinal  Sağ Ön Kapı:  Orijinal  Tavan:  Orijinal  Sol Arka Kapı:  Orijinal  Sol Ön Kapı:  Orijinal  Sağ Ön Çamurluk:  Orijinal  Motor Kaputu:  Orijinal  Sol Ön Çamurluk:  Orijinal  Ön Tampon:  Orijinal  Arka Tampon:  Orijinal  BelirtilmemişOrijinalBoyalıLokal BoyalıDeğişmiş ,"Ekstralari mevcuttur.
Kaput filmi,Cam filmi,Seramik kaplamasi servisde yapılmıştır.
Lansman renktedir.
Yeni nesil motor'dur.
Piyasanın en ucuzu ve en uygunu dur pazarlık cuzidir
"
32, 16566267   , 04 Şubat 2021   , Ford   , Focus   , 1.6 TDCi Style   , 2015   , Dizel   , Düz   , 1560 cc   , 115 hp   , 136.000 km   ,https://www.arabam.com//ilan/galeriden-satilik-ford-focus-1-6-tdci-style/cengiz-otomotiv-den-ford-focus-style-1-6-tdci-manuel/16566267,  165.000 TL  ,   Created by Arabam IT  Ön Tampon     Sağ Arka ÇamurlukMotor KaputuArka KaputTavanArka Tampon  Sağ Arka Çamurluk:  Orijinal  Arka Kaput:  Orijinal  Sol Arka Çamurluk:  Orijinal  Sağ Arka Kapı:  Orijinal  Sağ Ön Kapı:  Orijinal  Tavan:  Orijinal  Sol Arka Kapı:  Orijinal  Sol Ön Kapı:  Orijinal  Sağ Ön Çamurluk:  Orijinal  Motor Kaputu:  Orijinal  Sol Ön Çamurluk:  Orijinal  Ön Tampon:  Orijinal  Arka Tampon:  Orijinal  BelirtilmemişOrijinalBoyalıLokal BoyalıDeğişmiş ,"araç muazzam temizlikte 
xenon far katlanır ayna 
sadece sağ ön çamurluk ve sağ ön kapı boya gerisi hatasız 
Tramer yok 
Alıcısına Hayırlı olsun 
"
33, 16544040   , 04 Şubat 2021   , Peugeot   , 208   , 1.2 PureTech Active   , 2017   , Benzin   , Yarı Otomatik   , 1199 cc   , 83 hp   , 25.000 km   ,https://www.arabam.com//ilan/galeriden-satilik-peugeot-208-1-2-puretech-active/bilgin-otomotiv-den-208-otomatik-vites-active-25-000-km-boyasiz/16544040,  148.000 TL  ,   Created by Arabam IT  Ön Tampon     Sağ Arka ÇamurlukMotor KaputuArka KaputTavanArka Tampon  Sağ Arka Çamurluk:  Orijinal  Arka Kaput:  Orijinal  Sol Arka Çamurluk:  Orijinal  Sağ Arka Kapı:  Orijinal  Sağ Ön Kapı:  Orijinal  Tavan:  Orijinal  Sol Arka Kapı:  Orijinal  Sol Ön Kapı:  Orijinal  Sağ Ön Çamurluk:  Orijinal  Motor Kaputu:  Orijinal  Sol Ön Çamurluk:  Orijinal  Ön Tampon:  Orijinal  Arka Tampon:  Orijinal  BelirtilmemişOrijinalBoyalıLokal BoyalıDeğişmiş ,2017 MODEL PEUGEOT 208 1.2 PURETECH ACTIVE ETG5ORİJİNAL 25.000 KİLOMETREDEMOTORU YÜRÜYENİ VE ŞANZIMANI SORUNSUZBOYA YOKDEĞİŞEN YOKHASAR KAYDI YOKİSTENİLEN YERE GÖSTERİLEBİLİRBÜTÜN ARAÇLARIMIZ KİLOMETRE VE EKSPERTİZ GARANTİLİDİRKREDİ KARTI GEÇERLİDİRPAZAR GÜNLERİ AÇIĞIZDİĞER İLANLARIMIZI GÖRMEK İÇİN MAĞAZA SAYFAMIZI ZİYARET EDEBİLİRSİNİZhttps://www.arabam.com/galeri/bilgin-otomotiv-bursa/
34, 16544015   , 04 Şubat 2021   , Fiat   , Egea   , 1.6 Multijet Lounge Plus   , 2016   , Dizel   , Düz   , 1598 cc   , 120 hp   , 87.000 km   ,https://www.arabam.com//ilan/galeriden-satilik-fiat-egea-1-6-multijet-lounge-plus/bilgin-otomotiv-den-2016-egea-1-6-multijet-lounge-plus-87-000-km/16544015,  157.000 TL  ,   Created by Arabam IT  Ön Tampon     Sağ Arka ÇamurlukMotor KaputuArka KaputTavanArka Tampon  Sağ Arka Çamurluk:  Orijinal  Arka Kaput:  Orijinal  Sol Arka Çamurluk:  Orijinal  Sağ Arka Kapı:  Orijinal  Sağ Ön Kapı:  Orijinal  Tavan:  Orijinal  Sol Arka Kapı:  Orijinal  Sol Ön Kapı:  Orijinal  Sağ Ön Çamurluk:  Orijinal  Motor Kaputu:  Orijinal  Sol Ön Çamurluk:  Orijinal  Ön Tampon:  Orijinal  Arka Tampon:  Orijinal  BelirtilmemişOrijinalBoyalıLokal BoyalıDeğişmiş ,2016 MODEL FIAT EGEA 1.6 MULTIJET LOUNGE PLUS 120 HPORİJİNAL 87.000 KİLOMETREDEMOTORU YÜRÜYENİ VE ŞANZIMANI SORUNSUZSOL ÖN ÇAMURLUK-SOL İKİ KAPI-SAĞ ARKA ÇAMURLUK ÇİZİKLERDEN DOLAYI BOYALIDEĞİŞEN YOKHASAR KAYDI YOKİSTENİLEN YERE GÖSTERİLEBİLİRBÜTÜN ARAÇLARIMIZ KİLOMETRE VE EKSPERTİZ GARANTİLİDİRKREDİ KARTI GEÇERLİDİRPAZAR GÜNLERİ AÇIĞIZDİĞER İLANLARIMIZI GÖRMEK İÇİN MAĞAZA SAYFAMIZI ZİYARET EDEBİLİRSİNİZhttps://www.arabam.com/galeri/bilgin-otomotiv-bursa/
35, 16566491   , 04 Şubat 2021   , Renault   , Laguna   , 1.6 Privilege   , 2004   , LPG & Benzin   , Düz   , 1598 cc   , 115 hp   , 195.000 km   ,https://www.arabam.com//ilan/galeriden-satilik-renault-laguna-1-6-privilege/renault-laguna-16-wayf-degisensiz-konusan-paket-orijinal/16566491,  79.900 TL  ,   Created by Arabam IT  Ön Tampon     Sağ Arka ÇamurlukMotor KaputuArka KaputTavanArka Tampon  Sağ Arka Çamurluk:  Orijinal  Arka Kaput:  Orijinal  Sol Arka Çamurluk:  Orijinal  Sağ Arka Kapı:  Orijinal  Sağ Ön Kapı:  Orijinal  Tavan:  Orijinal  Sol Arka Kapı:  Orijinal  Sol Ön Kapı:  Orijinal  Sağ Ön Çamurluk:  Orijinal  Motor Kaputu:  Orijinal  Sol Ön Çamurluk:  Orijinal  Ön Tampon:  Orijinal  Arka Tampon:  Orijinal  BelirtilmemişOrijinalBoyalıLokal BoyalıDeğişmiş ,"DEĞİŞEN YOKTUR.
KM ORİJİNALDİR.
GÜNEŞ YANIĞI YOKTUR.
BOYA PARÇALARI:SAĞ,SOL ARKA ÇAMURLUK
,SAG ON KAPİ ALTİ 
BOYALİ  LOKALDİR KOMPLE DEĞİLDİR
EXPERTİZ YAPILMIŞTIR.
YANİK, YIRTIK,YOKTUR
TRAMER SADECE 360 TL.
"
36, 16543776   , 04 Şubat 2021   , Seat   , Ibiza   , 1.2 TSI Style   , 2016   , Benzin   , Düz   , 1197 cc   , 90 hp   , 37.000 km   ,https://www.arabam.com//ilan/galeriden-satilik-seat-ibiza-1-2-tsi-style/bilgin-otomotiv-den-2016-ibiza-1-2-tsi-style-37-000-km-boyasiz/16543776,  139.500 TL  ,   Created by Arabam IT  Ön Tampon     Sağ Arka ÇamurlukMotor KaputuArka KaputTavanArka Tampon  Sağ Arka Çamurluk:  Orijinal  Arka Kaput:  Orijinal  Sol Arka Çamurluk:  Orijinal  Sağ Arka Kapı:  Orijinal  Sağ Ön Kapı:  Orijinal  Tavan:  Orijinal  Sol Arka Kapı:  Orijinal  Sol Ön Kapı:  Orijinal  Sağ Ön Çamurluk:  Orijinal  Motor Kaputu:  Orijinal  Sol Ön Çamurluk:  Orijinal  Ön Tampon:  Orijinal  Arka Tampon:  Orijinal  BelirtilmemişOrijinalBoyalıLokal BoyalıDeğişmiş ,2016 MODEL SEAT IBIZA 1.2 TSI STYLEORİJİNAL 37.000 KİLOMETREDEMOTORU YÜRÜYENİ VE ŞANZIMANI SORUNSUZBOYA YOKDEĞİŞEN YOKHASAR KAYDI YOKİSTENİLEN YERE GÖSTERİLEBİLİRBÜTÜN ARAÇLARIMIZ KİLOMETRE VE EKSPERTİZ GARANTİLİDİRKREDİ KARTI GEÇERLİDİRPAZAR GÜNLERİ AÇIĞIZDİĞER İLANLARIMIZI GÖRMEK İÇİN MAĞAZA SAYFAMIZI ZİYARET EDEBİLİRSİNİZhttps://www.arabam.com/galeri/bilgin-otomotiv-bursa/
37, 16345842   , 04 Şubat 2021   , Volkswagen   , Jetta   , 1.2 TSi BlueMotion Comfortline   , 2015   , Benzin   , Düz   , 1197 cc   , 105 hp   , 41.500 km   ,https://www.arabam.com//ilan/galeriden-satilik-volkswagen-jetta-1-2-tsi-bluemotion-comfortline/kusursuz-2015-vw-jetta-1-2-tsi-bmt-ilk-sahbnden-geri-gorus/16345842,  184.500 TL  ,   Created by Arabam IT  Ön Tampon     Sağ Arka ÇamurlukMotor KaputuArka KaputTavanArka Tampon  Sağ Arka Çamurluk:  Orijinal  Arka Kaput:  Orijinal  Sol Arka Çamurluk:  Orijinal  Sağ Arka Kapı:  Orijinal  Sağ Ön Kapı:  Orijinal  Tavan:  Orijinal  Sol Arka Kapı:  Orijinal  Sol Ön Kapı:  Orijinal  Sağ Ön Çamurluk:  Orijinal  Motor Kaputu:  Orijinal  Sol Ön Çamurluk:  Orijinal  Ön Tampon:  Orijinal  Arka Tampon:  Orijinal  BelirtilmemişOrijinalBoyalıLokal BoyalıDeğişmiş ,"2015  VW YENİ JETTA​  COMFORTLINE1.2 TSİ 105 BG  BLUEMOTIONİLK SAHİBİNDEN ALINDIORJİNAL 41500 KM..TRAMER HASAR KAYDI YOKSOL ARKA ÇAMURLUK BİR KARIŞ LOKAL BOYALIHARİCİNDE BOYA YOK DEĞİŞME YOKHATASIZ KUSURSUZEXPERTİZ RAPORU RESİMLERDE VAR.START&STOPGERİ GÖRÜŞ KAMERAÖN, ARKA PARK SENSÖRÜFAR, YAĞMUR SENSÖRÜYARIM DERİ KOLTUKHIZ SABİTLEMELASTİK BASINÇYEDEK ANAHTARI VARTÜVTÜRK VİZE. 19/12/2022İLETİŞİM..  0 532 260 98 29  ALPASLAN LALANCI"
38, 16225319   , 04 Şubat 2021   , Renault   , Megane   , 1.5 dCi Touch   , 2016   , Dizel   , Düz   , 1461 cc   , 110 hp   , 65.000 km   ,https://www.arabam.com//ilan/galeriden-satilik-renault-megane-1-5-dci-touch/65-000-km-degisensiz-full-bakimli-renanult-megane-dizel/16225319,  173.000 TL  ,   Created by Arabam IT  Ön Tampon     Sağ Arka ÇamurlukMotor KaputuArka KaputTavanArka Tampon  Sağ Arka Çamurluk:  Boyanmış  Arka Kaput:  Orijinal  Sol Arka Çamurluk:  Boyanmış  Sağ Arka Kapı:  Boyanmış  Sağ Ön Kapı:  Boyanmış  Tavan:  Orijinal  Sol Arka Kapı:  Orijinal  Sol Ön Kapı:  Orijinal  Sağ Ön Çamurluk:  Orijinal  Motor Kaputu:  Orijinal  Sol Ön Çamurluk:  Orijinal  Ön Tampon:  Orijinal  Arka Tampon:  Orijinal  BelirtilmemişOrijinalBoyalıLokal BoyalıDeğişmiş ,ARACIMIZDA DEĞİŞEN PARÇA YOKTURYANLARDA 3 PARÇA LOKAL BOYA VARDIR. KAPUT VE TAVANDA VE BAGAJDA BOYA YOKTUR.DETAYLI BİLGİ İÇİN ULAŞABİLİRSİNİZ.
39, 16628692   , 04 Şubat 2021   , Ford   , Focus   , 1.6 Comfort   , 2005   , LPG & Benzin   , Düz   , 1596 cc   , 100 hp   , 293.000 km   ,https://www.arabam.com//ilan/galeriden-satilik-ford-focus-1-6-comfort/acil-satilik-masrafsiz-aile-arabasi-guvenlik-paket/16628692,  65.500 TL  ,   Created by Arabam IT  Ön Tampon     Sağ Arka ÇamurlukMotor KaputuArka KaputTavanArka Tampon  Sağ Arka Çamurluk:  Orijinal  Arka Kaput:  Orijinal  Sol Arka Çamurluk:  Orijinal  Sağ Arka Kapı:  Orijinal  Sağ Ön Kapı:  Orijinal  Tavan:  Orijinal  Sol Arka Kapı:  Orijinal  Sol Ön Kapı:  Orijinal  Sağ Ön Çamurluk:  Orijinal  Motor Kaputu:  Orijinal  Sol Ön Çamurluk:  Orijinal  Ön Tampon:  Orijinal  Arka Tampon:  Orijinal  BelirtilmemişOrijinalBoyalıLokal BoyalıDeğişmiş ,"GÜVENLIK PAKETLI
ABS LI
ARACIMIZIN 2. SAHİBİNDEN ALINMIŞTIR
KM ORJINAL
1 PARÇA SAĞ ÖN KAPİ BIREBIR ORJİNALI İLE DEĞİŞMİŞ
HARİCİ BEL ALTI 4 BUÇUK PARCA BOYA VAR
HASAR KAYDI 2.100 TL
MOTOR YÜRÜYEN ON NUMARA YAĞ YAKMA DUMAN ATMA KESİNLİKLE YOK
YÜRÜYENİNDE TIK SES YOK
MOTOR SAAT GİBİ
FREN BALATALARI YENI 
YAĞ VE FİLTRE BAKIMLARI YENİ YAPILDI 
İÇİ DIŞI TERTEMİZ
MASRAFSIZ SORUNSUZ AİLE ARABASI 
DETAYLI TEMİZLİĞİ VE PASTA CILASI TARAFIMIZCA YENİ YAPILMIŞTIR 
"
40, 16626600   , 04 Şubat 2021   , Volkswagen   , Golf   , 1.6 TDi BlueMotion Comfortline   , 2017   , Dizel   , Yarı Otomatik   , 1598 cc   , 115 hp   , 85.000 km   ,https://www.arabam.com//ilan/galeriden-satilik-volkswagen-golf-1-6-tdi-bluemotion-comfortline/kusursuz-2017-yeni-golf-7-5-comfort-dizel-otomatik/16626600,  219.750 TL  ,   Created by Arabam IT  Ön Tampon     Sağ Arka ÇamurlukMotor KaputuArka KaputTavanArka Tampon  Sağ Arka Çamurluk:  Orijinal  Arka Kaput:  Orijinal  Sol Arka Çamurluk:  Orijinal  Sağ Arka Kapı:  Orijinal  Sağ Ön Kapı:  Orijinal  Tavan:  Orijinal  Sol Arka Kapı:  Orijinal  Sol Ön Kapı:  Orijinal  Sağ Ön Çamurluk:  Orijinal  Motor Kaputu:  Orijinal  Sol Ön Çamurluk:  Orijinal  Ön Tampon:  Orijinal  Arka Tampon:  Orijinal  BelirtilmemişOrijinalBoyalıLokal BoyalıDeğişmiş ,"2017 VW GOLF COMFORTLİNEYENİ MAKYAJLI KASA GOLF 7.51.6 TDİ 115 BG BLUEMOTION7 İLERİ DSG F1 OTOMATİKKAZASI DEĞİŞENİ YOKTRAMER HASAR KAYDI YOKSOL ARKA ÇAMURLUK SÜRTMEDEN BOYALIHARİCİNDE BOYA YOKHATASIZ KUSURSUZİÇİ ,DIŞI TEMİZ KULLANILMIŞRESİMLERDE GÖRÜLDÜĞÜ GİBİTÜVTÜRK VİZE.. 19/09/2022PLAKA..  45 AFM 786İLETİŞİM..  0 532 260 98 29 ALPASLAN LALANCI  "
41, 16368408   , 04 Şubat 2021   , Fiat   , Palio   , 1.4 EL   , 1999   , LPG & Benzin   , Düz   , 1368 cc   , 77 hp   , 216.000 km   ,https://www.arabam.com//ilan/galeriden-satilik-fiat-palio-1-4-el/fiat-palio-1-4-lpg-agir-bakimlari-yapildi/16368408,  38.500 TL  ,   Created by Arabam IT  Ön Tampon     Sağ Arka ÇamurlukMotor KaputuArka KaputTavanArka Tampon  Sağ Arka Çamurluk:  Orijinal  Arka Kaput:  Orijinal  Sol Arka Çamurluk:  Orijinal  Sağ Arka Kapı:  Orijinal  Sağ Ön Kapı:  Orijinal  Tavan:  Orijinal  Sol Arka Kapı:  Orijinal  Sol Ön Kapı:  Orijinal  Sağ Ön Çamurluk:  Orijinal  Motor Kaputu:  Orijinal  Sol Ön Çamurluk:  Orijinal  Ön Tampon:  Orijinal  Arka Tampon:  Orijinal  BelirtilmemişOrijinalBoyalıLokal BoyalıDeğişmiş ,ARACIMIZ 99 MODEL MASRAFSIZTÜM AĞIR BAKIMLARI YAPILDI
42, 16369732   , 04 Şubat 2021   , Mercedes - Benz   , A   , A 180 CDI BlueEFFICIENCY AMG   , 2014   , Dizel   , Yarı Otomatik   , 1461 cc   , 109 hp   , 111.000 km   ,https://www.arabam.com//ilan/galeriden-satilik-mercedes-benz-a-180-cdi-blueefficiency-amg/cartown-2014-a180-amg-cam-tavan-led-far-diamond-panjr-gece-pkt/16369732,  258.500 TL  ,   Created by Arabam IT  Ön Tampon     Sağ Arka ÇamurlukMotor KaputuArka KaputTavanArka Tampon  Sağ Arka Çamurluk:  Orijinal  Arka Kaput:  Orijinal  Sol Arka Çamurluk:  Orijinal  Sağ Arka Kapı:  Orijinal  Sağ Ön Kapı:  Orijinal  Tavan:  Orijinal  Sol Arka Kapı:  Orijinal  Sol Ön Kapı:  Orijinal  Sağ Ön Çamurluk:  Orijinal  Motor Kaputu:  Orijinal  Sol Ön Çamurluk:  Orijinal  Ön Tampon:  Orijinal  Arka Tampon:  Orijinal  BelirtilmemişOrijinalBoyalıLokal BoyalıDeğişmiş ,C A R  T O W NMERCEDES A 180 AMG CDİModel Yılı : 2014Dış Renk: BEYAZİç Renk: SİYAH109 hpKilometre: 111' bin_________________________________________________TEKNİK BİLGİLERCAM TAVANÇARPIŞMA ÖNLEYİCİSTART STOP ASİSTANIAYNA ALTI AYDINLATMAANTRASİT TAVAN DÖŞEMESİADAPTİF Bİ-XENON FARLED STOPYAĞMUR SENSÖRÜFAR SENSÖRÜHIZ SABİTLEYİCİHIZ LİMİTÖRÜELEKTRİKLİ KATLANIR YAN AYNALARFAR YIKAMAHİLL HOLDER ( YOKUŞ KALKIŞ DESTEĞİ )ÇİFT BÖLGE TAM OTOMATİK KLİMAELEKTRİKLİ ISITMALI YAN AYNALARYORGUNLUK TESPİTİKARARTMALI DİKİZ AYNASIDERİ-NUBUK KOLTUKLARÖN-ARKA PARK SENSÖRÜGERİ GÖRÜŞ KAMERASIBLUETOOTH VE TELEFON BAĞLANTISIÇOK FONKSİYONLU DERİ DİREKSİYON_________________________________________________ARAÇ EXPERTİZ:2 PARÇA DEĞİŞEN (ÖN KAPUT-SAĞ ÖN ÇAMURLUK)İKİ PARÇA BOYA (ARKA İKİ KAPI)İKİ PARÇA LOKAL BOYA (ARKA İKİ ÇAMURLUK)14.000 TL HASAR KAYDI VARDIRARACIMIZ SERVİS BAKIMLIDIRYEDEK ANAHTARI MEVCUTTUR
43, 16099020   , 04 Şubat 2021   , Volkswagen   , Golf   , 1.2 TSi Comfortline   , 2015   , Benzin   , Yarı Otomatik   , 1197 cc   , 110 hp   , 55.000 km   ,https://www.arabam.com//ilan/galeriden-satilik-volkswagen-golf-1-2-tsi-comfortline/cartown-2015-vw-golf1-2-tsi-dsg-comfortline-srskonforpaketi/16099020,  209.500 TL  ,   Created by Arabam IT  Ön Tampon     Sağ Arka ÇamurlukMotor KaputuArka KaputTavanArka Tampon  Sağ Arka Çamurluk:  Orijinal  Arka Kaput:  Orijinal  Sol Arka Çamurluk:  Orijinal  Sağ Arka Kapı:  Orijinal  Sağ Ön Kapı:  Orijinal  Tavan:  Orijinal  Sol Arka Kapı:  Orijinal  Sol Ön Kapı:  Orijinal  Sağ Ön Çamurluk:  Orijinal  Motor Kaputu:  Orijinal  Sol Ön Çamurluk:  Orijinal  Ön Tampon:  Orijinal  Arka Tampon:  Orijinal  BelirtilmemişOrijinalBoyalıLokal BoyalıDeğişmiş ,C A R  T O W NVOLKSWAGENGOLF 1.2 TSİ DSG COMFORTLİNEModel Yılı : 2015Dış Renk: GRİİç Renk: BEJ110 hpKilometre: 55' bin_________________________________________________TEKNİK BİLGİLERYORGUNLUK ALGILAMA SİSTEMİSTART&STOPCRUISE CONTROL(HIZ SABİTLEYİCİ)DİJİTAL ÇİFT YÖNLÜ KLİMAFONKSİYONEL SPOR DERİ DİREKSİYONF1 ŞANZIMANELEKTRİKLİ ISITMALI YAN AYNALARAUTO HOLDFAR SENSÖRÜYAĞMUR SENSÖRÜÖN-ARKA PARK MESAFE SENSÖRÜELEKTRONİK PARK FRENİVİRAJ AYDINLATMA SİSTEMİÖN-ARKA KOL DAYAMAÖN-ARKA SİS FARICD+SD-CARD+AUX BAĞLANTILARIBLUETOOTH TELEFON BAĞLANTISIOTOMATİK KARARAN DİKİZ AYNASI_________________________________________________ARAÇ EXPERTİZ:BOYASIZ1 PARÇA DEĞİŞEN (SOL ÖN ÇAMURLUK)HASAR KAYDI YOKTURARACIMIZ İLK SAHİBİNDEN OLUP FULL YETKİLİ SERVİS BAKIMLIDIRYEDEK ANAHTARI MEVCUTTUR
44, 13637942   , 04 Şubat 2021   , Hyundai   , Accent Era   , 1.4 Team   , 2009   , LPG & Benzin   , Düz   , 1399 cc   , 97 hp   , 125.000 km   ,https://www.arabam.com//ilan/galeriden-satilik-hyundai-accent-era-1-4-team/altanlar-autodan-hyundai-accent-era-1-4-team-2009-model-yozgat/13637942,  105.000 TL  ,   Created by Arabam IT  Ön Tampon     Sağ Arka ÇamurlukMotor KaputuArka KaputTavanArka Tampon  Sağ Arka Çamurluk:  Orijinal  Arka Kaput:  Orijinal  Sol Arka Çamurluk:  Orijinal  Sağ Arka Kapı:  Orijinal  Sağ Ön Kapı:  Orijinal  Tavan:  Orijinal  Sol Arka Kapı:  Orijinal  Sol Ön Kapı:  Orijinal  Sağ Ön Çamurluk:  Orijinal  Motor Kaputu:  Orijinal  Sol Ön Çamurluk:  Orijinal  Ön Tampon:  Orijinal  Arka Tampon:  Orijinal  BelirtilmemişOrijinalBoyalıLokal BoyalıDeğişmiş ,Hyundai Accent Era 1.4 Team
45, 16666460   , 04 Şubat 2021   , Volkswagen   , Passat   , 1.6 TDi BlueMotion Impression   , 2018   , Dizel   , Yarı Otomatik   , 1598 cc   , 120 hp   , 106.000 km   ,https://www.arabam.com//ilan/galeriden-satilik-volkswagen-passat-1-6-tdi-bluemotion-impression/2018-model-vw-passat-impression-dsg/16666460,  300.000 TL  ,   Created by Arabam IT  Ön Tampon     Sağ Arka ÇamurlukMotor KaputuArka KaputTavanArka Tampon  Sağ Arka Çamurluk:  Orijinal  Arka Kaput:  Orijinal  Sol Arka Çamurluk:  Boyanmış  Sağ Arka Kapı:  Orijinal  Sağ Ön Kapı:  Orijinal  Tavan:  Orijinal  Sol Arka Kapı:  Boyanmış  Sol Ön Kapı:  Boyanmış  Sağ Ön Çamurluk:  Orijinal  Motor Kaputu:  Orijinal  Sol Ön Çamurluk:  Boyanmış  Ön Tampon:  Orijinal  Arka Tampon:  Orijinal  BelirtilmemişOrijinalBoyalıLokal BoyalıDeğişmiş   Tramer tutarı yok   ,Araç Bilgileri______________________________VOLKSWAGEN PASSAT2018 MODEL Araç Donanımı______________________________START STOPGERİ GÖRÜŞ KAMERASI GENİŞ AÇIYENİ NESİL MULTİMEDYA EKRANAPP CONNECT7 İLERİ F1 VİTES PADDLE SHIFTELEKTRONİK PARK FRENİANAHTARSIZ ÇALIŞTIRMAAUTO HOLDYORGUNLUK ALGILAMA SİSTEMİÖN ARKA PARK SENSÖRÜYOL BİLGİSAYARILASTİNK BASINÇ KONTROLÜFONKSİYONEL DİREKSİYONELEKTRİKLİ ISITMALI AYNALARİMMOBİLİSERGÜNDÜZ FARLARI Araç Ekspertizi______________________________ TRAMER KAYDI BULUNMAMAKTADIR.   KREDİBİLİTENİZİ ETKİLEMEDEN 40 AYA KADAR GÜVENLİ VADELENDİRME  Araç Lokasyon Bilgisi______________________________ İSTANBUL
46, 15562339   , 04 Şubat 2021   , Renault   , Clio   , 1.4 Authentique   , 2004   , LPG & Benzin   , Düz   , 1390 cc   , 75 hp   , 295.000 km   ,https://www.arabam.com//ilan/galeriden-satilik-renault-clio-1-4-authentique/altanlar-autodan-renault-clio-1-4-authentique-2004-model-yozgat/15562339,  63.750 TL  , Satıcı bu ilan için boya - değişen  - tramer bilgisi vermemiştir.Detaylı bilgi almak için satıcı ile iletişime geçebilirsiniz. ,Renault Clio 1.4 Authentique
47, 15794147   , 04 Şubat 2021   , Opel   , Vectra   , 2.0 CDX   , 2000   , LPG & Benzin   , Düz   , 1998 cc   , 136 hp   , 310.000 km   ,https://www.arabam.com//ilan/galeriden-satilik-opel-vectra-2-0-cdx/altanlar-autodan-opel-vectra-2-0-cdx-2000-model-yozgat/15794147,  56.750 TL  , Satıcı bu ilan için boya - değişen  - tramer bilgisi vermemiştir.Detaylı bilgi almak için satıcı ile iletişime geçebilirsiniz. ,Opel Vectra 2.0 CDX
48, 15685500   , 04 Şubat 2021   , Tofaş   , Şahin   , 1.4 ie   , 2001   , LPG & Benzin   , Düz   , 1372 cc   , 71 hp   , 37.000 km   ,https://www.arabam.com//ilan/galeriden-satilik-tofas-sahin-1-4-ie/altanlar-autodan-tofas-sahin-1-4-ie-2001-model-yozgat/15685500,  24.900 TL  , Satıcı bu ilan için boya - değişen  - tramer bilgisi vermemiştir.Detaylı bilgi almak için satıcı ile iletişime geçebilirsiniz. ,Tofaş Şahin 1.4 ie
49, 15647846   , 04 Şubat 2021   , BMW   , 3 Serisi   , 316i M Sport   , 2015   , Benzin   , Yarı Otomatik   , 1401 - 1600 cm3   , 126 - 150 HP   , 87.000 km   ,https://www.arabam.com//ilan/galeriden-satilik-bmw-3-serisi-316i-m-sport/auto-caymaz-2015-bmw-3-16i-m-sport-hatasiz-boyasiz/15647846,  363.000 TL  ,   Created by Arabam IT  Ön Tampon     Sağ Arka ÇamurlukMotor KaputuArka KaputTavanArka Tampon  Sağ Arka Çamurluk:  Orijinal  Arka Kaput:  Orijinal  Sol Arka Çamurluk:  Orijinal  Sağ Arka Kapı:  Orijinal  Sağ Ön Kapı:  Orijinal  Tavan:  Orijinal  Sol Arka Kapı:  Orijinal  Sol Ön Kapı:  Orijinal  Sağ Ön Çamurluk:  Orijinal  Motor Kaputu:  Orijinal  Sol Ön Çamurluk:  Orijinal  Ön Tampon:  Orijinal  Arka Tampon:  Orijinal  BelirtilmemişOrijinalBoyalıLokal BoyalıDeğişmiş ,AUTO CAYMAZ 2015 BMW 3.16İ M SPORT BAYİ ÇIKIŞLI**ÖZELLİKLER**RECORE KOLTUKLARM DİREKSİYONSUNROOFGERİ GÖRÜŞ KAMERASI VAREX EKSOZ  ANAHTARSIZ ÇALIŞTIRMAÇİFT YÖNLÜ DİJİTAL KLİMABLUETOOTH/USB/AUXBİ-XENON FARLARECO-COMFORT-SPORT SÜRÜŞ MODLARIÖN ARKA SİS FARLARIFAR VE YAĞMUR SENSÖRÜPARK SENSÖRÜİÇ DIŞ IŞIK PAKETİKATLANIR YAN DİKİZ AYNASIBLUETOOTH-USBEKSPERHATASIZ BOYASIZ
50, 16567068   , 04 Şubat 2021   , Mercedes - Benz   , C   , C 180 AMG 7G-Tronic   , 2013   , Benzin   , Otomatik   , 1401 - 1600 cm3   , 151 - 175 HP   , 171.000 km   ,https://www.arabam.com//ilan/galeriden-satilik-mercedes-benz-c-180-amg-7g-tronic/kum-otomotivden-c-180-amg-7-g-tronic-hatasiz-boyasiz/16567068,  289.000 TL  ,   Created by Arabam IT  Ön Tampon     Sağ Arka ÇamurlukMotor KaputuArka KaputTavanArka Tampon  Sağ Arka Çamurluk:  Orijinal  Arka Kaput:  Orijinal  Sol Arka Çamurluk:  Orijinal  Sağ Arka Kapı:  Orijinal  Sağ Ön Kapı:  Orijinal  Tavan:  Orijinal  Sol Arka Kapı:  Orijinal  Sol Ön Kapı:  Orijinal  Sağ Ön Çamurluk:  Orijinal  Motor Kaputu:  Orijinal  Sol Ön Çamurluk:  Orijinal  Ön Tampon:  Orijinal  Arka Tampon:  Orijinal  BelirtilmemişOrijinalBoyalıLokal BoyalıDeğişmiş ,ARACIMIZ 2013 MODELDİRHATA BOYA YOKTURİÇİ BEJ7 İLERİDÖRT LASTİK SIFIRTÜM BAKIMLARI YENİ ORJİNAL 171 BİN KM ALICIYA ŞİMDİDEN HAYIRLI OLSUN 
51, 16192943   , 04 Şubat 2021   , Renault   , Fluence   , 1.5 dCi Extreme   , 2012   , Dizel   , Düz   , 1461 cc   , 90 hp   , 225.000 km   ,https://www.arabam.com//ilan/galeriden-satilik-renault-fluence-1-5-dci-extreme/2012-renault-fluence-1-5-dci-extreme-emsalsiz/16192943,  104.750 TL  ,   Created by Arabam IT  Ön Tampon     Sağ Arka ÇamurlukMotor KaputuArka KaputTavanArka Tampon  Sağ Arka Çamurluk:  Orijinal  Arka Kaput:  Orijinal  Sol Arka Çamurluk:  Orijinal  Sağ Arka Kapı:  Orijinal  Sağ Ön Kapı:  Orijinal  Tavan:  Orijinal  Sol Arka Kapı:  Orijinal  Sol Ön Kapı:  Orijinal  Sağ Ön Çamurluk:  Orijinal  Motor Kaputu:  Orijinal  Sol Ön Çamurluk:  Orijinal  Ön Tampon:  Orijinal  Arka Tampon:  Orijinal  BelirtilmemişOrijinalBoyalıLokal BoyalıDeğişmiş ,2012 RENAULT FLUENCE 1.5 DCİ EXTREME ARACIMIZIN BAKIMLARI GÜNÜ GÜNÜNE RİZE BİRLEŞENLER SERVİSİNDE YAPILMIŞ OLUP BİNİCİSİNE MASRAFSIZDIRMOTORU YÜRÜRÜ VE KONDİSYONU ÇOK İYİ DURUMDADIRORJİNAL 227.000’DEEKSPERTİZ BİLGİSİ SAĞ-SOL ARKA ÇAMURLUKLAR SOL ARKA KAPI-SAĞ ÖN ÇAMURLUKTAN OLUŞMAK ÜZERE TOPLAMDA 4 PARÇA BOYASI MEVCUTTUR HARİCİNDE DEĞİŞENİ VS YOKTURTRAMER KAYDI YOKTURDETAYLI BİLGİ İÇİN ARAYINIZTARIK BUCAK=0532-632-2366EMİR BUCAK=0532-221-8015
53, 16516447   , 04 Şubat 2021   , Seat   , Cordoba   , 1.4 TDI Elegance   , 2008   , Dizel   , Düz   , 1422 cc   , 80 hp   , 261.000 km   ,https://www.arabam.com//ilan/galeriden-satilik-seat-cordoba-1-4-tdi-elegance/cevdet-keklikten-seat-cordoba/16516447,  64.000 TL  ,   Created by Arabam IT  Ön Tampon     Sağ Arka ÇamurlukMotor KaputuArka KaputTavanArka Tampon  Sağ Arka Çamurluk:  Orijinal  Arka Kaput:  Orijinal  Sol Arka Çamurluk:  Orijinal  Sağ Arka Kapı:  Orijinal  Sağ Ön Kapı:  Orijinal  Tavan:  Orijinal  Sol Arka Kapı:  Orijinal  Sol Ön Kapı:  Orijinal  Sağ Ön Çamurluk:  Orijinal  Motor Kaputu:  Orijinal  Sol Ön Çamurluk:  Orijinal  Ön Tampon:  Orijinal  Arka Tampon:  Orijinal  BelirtilmemişOrijinalBoyalıLokal BoyalıDeğişmiş ,ARACIMIZ GÖRÜLMEYE DEĞER TEMİZLİKTEDİR.ARACIMIZIN YÜRÜRÜNDE HİÇ BİR SIKINTI YOKTUR.ARACIMIZDA İKİ PARÇA HALİNDE TOPLAM 5.000 TL HASAR KAYDI VARDIR.EKSPERTİZ RAPORU FOTOĞRAFLARDA MEVCUTTUR.ARARCIMIZIN YEDEK ANAHTARLARI MEVCUTTUR ALICISINA ŞİMDİDEN HAYIRLI UĞURLU OLMASINI TEMENNİ EDERİM.
54, 16533191   , 04 Şubat 2021   , Renault   , Clio   , 1.5 dCi Icon   , 2012   , Dizel   , Düz   , 1401 - 1600 cm3   , 76 - 100 HP   , 149.000 km   ,https://www.arabam.com//ilan/galeriden-satilik-renault-clio-1-5-dci-icon/ates-kirmizisi-icon-paket-start-stop-1-5-dci-90-beygir-clio-iv/16533191,  117.000 TL  ,   Created by Arabam IT  Ön Tampon     Sağ Arka ÇamurlukMotor KaputuArka KaputTavanArka Tampon  Sağ Arka Çamurluk:  Lokal Boyanmış  Arka Kaput:  Orijinal  Sol Arka Çamurluk:  Orijinal  Sağ Arka Kapı:  Lokal Boyanmış  Sağ Ön Kapı:  Lokal Boyanmış  Tavan:  Orijinal  Sol Arka Kapı:  Orijinal  Sol Ön Kapı:  Orijinal  Sağ Ön Çamurluk:  Orijinal  Motor Kaputu:  Orijinal  Sol Ön Çamurluk:  Orijinal  Ön Tampon:  Orijinal  Arka Tampon:  Orijinal  BelirtilmemişOrijinalBoyalıLokal BoyalıDeğişmiş ,"ARACIMIZ  2012 MODEL  RENAULT CLİO   İCON PAKET1.5 DCİ  90 BEYGİR  START & STOP LUORJİNAL 149.000 BİN KM DEDİR.BAKIMLARI DÜZENLİ OLARAK YAPILMIŞTIR.29-09-2022 TARİHİNE KADAR MUAYENESİ GEÇERLİDİR.YEDEK ANAHTARI VARDIR.LASTİKLERİ İYİ.GAYET TEMİZ KULLANILMIŞ İÇİ VE DIŞI İLE PIRIL PIRILDIR.ARACIMIZDA SADECE SAĞ KISIMDA  3 PARÇA  BOYA  VARDIR.BUNA BAĞLI 2 BİN LİRA TRAMER VARDIR. DEĞİŞEN   YOKTUR.İSTENİLEN EKSPERTİZE ,  YETKİLİ SERVİS DAHİL GÖSTERİLEBİLİR.ARACIMIZIN  ULAŞIMI VE TESLİMATI KONUSUNDA YARDIMCI OLUNUR&&  NOT  &&  SÖYLENİLENLERİN AKSİ DURUMUNDA ŞEHİR DIŞINDAN GELECEK MİSAFİRLERİMİZİN YOL MASRAFLARI TARAFIMIZDAN KARŞILANIR.  HAYIRLI   OLMASINI   DİLERİZ..."
55, 16532842   , 04 Şubat 2021   , Volkswagen   , Passat   , 1.6 TDi BlueMotion Comfortline   , 2014   , Dizel   , Otomatik   , 1401 - 1600 cm3   , 101 - 125 HP   , 243.000 km   ,https://www.arabam.com//ilan/galeriden-satilik-volkswagen-passat-1-6-tdi-bluemotion-comfortline/otomatik-f1-vites-dizel-vw-passat-bluemotion-comfortline-paket/16532842,  182.000 TL  , Satıcı bu ilan için boya - değişen  - tramer bilgisi vermemiştir.Detaylı bilgi almak için satıcı ile iletişime geçebilirsiniz. ,"ARACIMIZ  2014 MODEL  VOLKSWAGEN PASSAT  İÇİ BEJ DÖŞEME 1.6 TDİ BLUEMOTİON COMFORTLİNE PAKET 105 BEYGİR OTOMATİK F1  VİTES   2019 MODEL GOODYEAR EFFICIENT GRİP PERFORMANCE LASTİKLER GAYET TEMİZ KULLANILMIŞ İÇİ VE DIŞI İLE PIRIL PIRILDIR.ARACIMIN BÜTÜN BAKIMLARI DÜZENLİ OLARAK YAPILMIŞTIR. ARACIMIZDA 5/6 PARÇA YÜZEYSEL  BOYA VARDIR.İÇ KISIMLARDA KESİNLİKLE HATA YOKTUR BUNA BAĞLI 3 PARÇA HALİNDE SADECE  2447 LİRA TRAMER VARDIR.DEĞİŞEN YOKTUR.FOTOĞRAFLARDA KAYITLAR VE TÜM DETAYLAR PAYLAŞILMIŞTIR.İSTENİLEN EKSPERTİZE ,  YETKİLİ SERVİS DAHİL GÖSTERİLEBİLİR.ARACIMIZIN ULAŞIMI VE TESLİMATI KONUSUNDA YARDIMCI OLUNUR&&  NOT  && SÖYLENİLENLERİN AKSİ DURUMUNDA ŞEHİR DIŞINDAN GELECEK MİSAFİRLERİMİZİN YOL MASRAFLARI TARAFIMIZDAN KARŞILANIR.  HAYIRLI   OLMASINI   DİLERİZ..&&ÖZELLİKLER&&  ELEKTRİKLİ SÜRÜCÜ KOLTUĞUAUTO HOLD DOKUNMATİK EKRAN ELEKTRONİK EL FRENİ START-STOPF1 VİTES YAĞMUR SENSÖRÜ ÇİFT YÖNLÜ MEVSİMSEL DİJİTAL KLİMA ÖN VE ARKA PARK SENSÖRÜ  VİRAJA DUYARLI SİS FARLARIÖN VE ARKA KOL DAYAMA  GÜNDÜZ FARLARI CD-BLUETOOTH-USB VE AUX ELEKTRİKLİ VE  ISITMALI   AYNALARELEKTRONİK EL FRENİSTART&STOPFONSİYONEL DERİ DİREKSİYON SOĞUTUCULU TORPİDOYOL  BİLGİSAYARI ABS//ESP//ESCHEAD UP DİSPLAY CRUİSE KONTROL OTOMATİK KARARAN İÇ AYNA HIZ SABİTLEYİCİ BARDAK AYDITLATMASI FOLLOW ME DETAYLI YOL BİLGİSAYARI ..."
56, 16434740   , 04 Şubat 2021   , Volkswagen   , Passat   , 1.4 TSi Comfortline   , 2010   , LPG & Benzin   , Otomatik   , 1390 cc   , 122 hp   , 283.000 km   ,https://www.arabam.com//ilan/galeriden-satilik-volkswagen-passat-1-4-tsi-comfortline/makam-araci/16434740,  129.000 TL  ,   Created by Arabam IT  Ön Tampon     Sağ Arka ÇamurlukMotor KaputuArka KaputTavanArka Tampon  Sağ Ön Çamurluk:  Lokal Boyanmış  Sol Ön Çamurluk:  Değişmiş  BelirtilmemişOrijinalBoyalıLokal BoyalıDeğişmiş   Tramer tutarı yok   ,"0553 923 4002 Buradan iletişime geçiniz.Aracım 2010 model 1.4 T.S.İ Comfortline pakettir.Aracın 1 boya 1 değişen parça parça 7 bin normal hasarı mevcut.Aracım piyasadaki passatlara göre düşük kilometreli.Aracın bakımları zamanında yapılmış olup dsg motor ve kondisyon oldukça iyidir.Elektronik el freniAbs,Esp,Asr10 AirbagÖn park sensörüArka park sensörüDijital klimaHız sabitlemeElektrikli camlarYağmur sensörüPark sensörüElektrikli koltukYokuş kalkış desteğiDeri direksiyonAlışımlı çelik jantElektrikli el freniSoğutmalı torpido bir çok özellik"
57, 16509999   , 04 Şubat 2021   , Fiat   , Brava   , 1.6 ELX   , 2001   , LPG & Benzin   , Düz   , 1581 cc   , 103 hp   , 220.479 km   ,https://www.arabam.com//ilan/galeriden-satilik-fiat-brava-1-6-elx/galeriden-fiat-brava-1-6-elx-2001-model-nevsehir/16509999,  45.750 TL  , Satıcı bu ilan için boya - değişen  - tramer bilgisi vermemiştir.Detaylı bilgi almak için satıcı ile iletişime geçebilirsiniz. ,Fiat Brava 1.6 ELX
58, 15791395   , 04 Şubat 2021   , BMW   , 7 Serisi   , 730d xDrive Pure Excellence   , 2016   , Dizel   , Yarı Otomatik   , 2501 - 3000 cm3   , 251 - 275 HP   , 55.000 km   ,https://www.arabam.com//ilan/galeriden-satilik-bmw-7-serisi-730d-xdrive-pure-excellence/ism-grup-bmw-7-30ld-xdrive-hatasiz-boyasiz-tramersiz/15791395,  1.795.000 TL  ,   Created by Arabam IT  Ön Tampon     Sağ Arka ÇamurlukMotor KaputuArka KaputTavanArka Tampon  Sağ Arka Çamurluk:  Orijinal  Arka Kaput:  Orijinal  Sol Arka Çamurluk:  Orijinal  Sağ Arka Kapı:  Orijinal  Sağ Ön Kapı:  Orijinal  Tavan:  Orijinal  Sol Arka Kapı:  Orijinal  Sol Ön Kapı:  Orijinal  Sağ Ön Çamurluk:  Orijinal  Motor Kaputu:  Orijinal  Sol Ön Çamurluk:  Orijinal  Ön Tampon:  Orijinal  Arka Tampon:  Orijinal  BelirtilmemişOrijinalBoyalıLokal BoyalıDeğişmiş ,"FİRMAMIZ, TİCARET BAKANLIĞI İKİNCİ EL MOTORLU KARA TAŞITLARININ TİCARETİ HAKKINDA YÖNETMELİK HÜKÜMLERİNE YETKİLENDİRİLMİŞTİR.YETKİ BELGESİ NUMARAMIZ: 4200707﻿2. ELDE KALİTENİN VE GÜVENİN ADRESİMOTOR, MEKANİK, KAPORTA VE HASAR KAYDI SORGULAMALARITARAFIMIZCA YAPILMAKTADIR.VERDİĞİMİZ BİLGİLER DIŞINDA BİR DURUM ÇIKMASI DURUMUNDA, YOL VE TÜM MASRAFLARINIZŞİRKETİMİZCE KARŞILANMAKTADIR.2016 BMW 7.30d xDrive Long Pure ExcellenceAracımız Hatasız, Boyasız, Tramersiz olup Ekranlı Anahtarı mevcuttur.Aracın ikinci sahibiyiz. Araç BORUSAN PREMİUM SELECTİON dan alınmıştır. Tüm bakımları BMW yetkili servisinde (Köprülü Otomotiv) yapılmıştır. Aracımızın 4 adet kış lastiği de mevcuttur. Araç tek kişi tarafından kullanılmıştır. Araç aktif kullanıldığı için km değişebilir. Araç ile ilgili özellikler aşağıda belirtilmiştir.METALİK SİYAH / SAFİRDÖŞEME CİNSİ : BEJ NAPPA DERİDONANIMLAR :GÜNEŞ KORUMALI ARKA CAMLARKONFOR ERİŞİM SİSTEMİ‘SOFT CLOSE’OTOMATİK KAPILARDERİ ÖN PANELÇOK İŞLEVLİ GÖSTERGE EKRANISPOR DERİ DREKSİYOONBMW EKRANLI ANAHTARCONNECTED DRİVE FONKSİYONLARIUZAKTAN KONTROL FONKSİYONLARIARKA KOLTUK EĞLENCE /I DRIVECOMFORT TEL / WIRELESS ŞARJBMW HAREKETLE KOMUT SİSTEMİADAPTİF LED FARLARLED SİS FARLARIOTOMATİK UZUN FAR FONKSİYONUGERİ GÖRÜŞ KAMERA SİSTEMİPARK ASİSTANINAVİGASYON SİSTEMİ/PROF.GERÇEK ZAMANLI TRAFİK BİLGİSİSÜRÜŞ ASİSTANI/PLUSBMW ACİL DURUM ÇAĞRISIBMW TELESERVICESHMJ,ÇOK KOLLU ,STİL 619,18’’PARLAK AHŞAP KAPLAMA /K.KAHVEHEAT COMFORT PACK.OTOMATİK KLİMA/4 BÖLGELİÖN KOLTUK HAVALANDIRMAARKA KOLTUK HAVALANDIRMAELEKTRİKLİ KONFOR KOLTUKLARARKA KOLTUK MASAJ FONKSİYONUPURE EXCELLENCE DIŞ TASARIMHARMAN/KARBON SURROUND SYSTEMELEKTRİKLİ PANORAMA CAM TAVANÖN KOLTUK HAVALANDIRMAARKA KOLTUK HAVALANDIRMAELEKTRİKLİ KONFOR KOLTUKLARELEKTRİKLİ ARKA KOLTUKLARARKA KOLTUK MASAJ FONKSİYONDİSTRONİC (ARAÇ TAKİP MESAFESİ)ŞERİT TAKİP 360 ÇEVRE GÖRÜŞ KAMERASIELEKTRİKLİ ISITMALI FONSİYONEL DİREKSİYONPARK ASİSTANISÜRÜŞ ASİSTANICAR PLAYAİRMATİKVAKUMLU KAPILARHAYALET GÖSTERGEPREMİUM NAVİGASYONKEYLESS-GO(ANAHTARSIZ ÇALIŞTIRMA)ŞERİTTE TUTMA ASİSTANIVE DAHA SAYAMADIĞIMIZ BİR ÇOK ÖZELLİKFirmamızda Kesinlikle Kilometresi Düşürülmüş, Ağır Hasarlı, Şase ve Podye hasarlı ve Tavanı İşlem Görmüş, Sizin, Ailenizin Ve Sevdiklerinizin Hayatını Tehlikeye Sokacak Hiç Bir Araç Alınmaz ve Satılmaz. Firmamızdan Alacağınız Aracı İstediğiniz Yetkili Servise Veya Özel Servise Götürerek Gösterebilirsiniz. Araçlarımız ekspertiz ve Kilometre garantilidir. İncelediğiniz araçlarımız hakkında bilgi almak için bizleri çekinmeden arayabilirsiniz.TÜM ARAÇLARIMIZ İÇİN 3 AY ERTELEMELİ KREDİ KULLANABİLİRSİNİZ !​​"
59, 16352251   , 04 Şubat 2021   , Ford   , Focus   , 1.6 TDCi Trend   , 2013   , Dizel   , Düz   , 1560 cc   , 95 hp   , 205.000 km   ,https://www.arabam.com//ilan/galeriden-satilik-ford-focus-1-6-tdci-trend/hnh-motors-dan-ford-focus-trend/16352251,  138.000 TL  ,   Created by Arabam IT  Ön Tampon     Sağ Arka ÇamurlukMotor KaputuArka KaputTavanArka Tampon  Sağ Arka Çamurluk:  Orijinal  Arka Kaput:  Orijinal  Sol Arka Çamurluk:  Orijinal  Sağ Arka Kapı:  Orijinal  Sağ Ön Kapı:  Orijinal  Tavan:  Orijinal  Sol Arka Kapı:  Orijinal  Sol Ön Kapı:  Orijinal  Sağ Ön Çamurluk:  Orijinal  Motor Kaputu:  Orijinal  Sol Ön Çamurluk:  Orijinal  Ön Tampon:  Orijinal  Arka Tampon:  Orijinal  BelirtilmemişOrijinalBoyalıLokal BoyalıDeğişmiş ,Dış Renk: Beyazİç Renk: SiyahPlaka: 70 DU 732-------------------------Bakımları zamanında yapılmıştır1 parça boya vardırHasar kaydı YOKTURDİĞER İLANLARIMIZ İÇİN SAYFAMIZA BAKABİLİRSİNİZ.İNTAGRAM : @hnh_motors
60, 16668864   , 04 Şubat 2021   , Fiat   , Egea   , 1.6 Multijet Urban   , 2018   , Dizel   , Düz   , 1598 cc   , 120 hp   , 73.000 km   ,https://www.arabam.com//ilan/galeriden-satilik-fiat-egea-1-6-multijet-urban/dolay-dan-garantili-2018-model-1-6-urban-dizel-120-bg-73-000-km/16668864,  160.000 TL  , Satıcı bu ilan için boya - değişen  bilgisi vermemiştir.Detaylı bilgi almak için satıcı ile iletişime geçebilirsiniz.   Tramer tutarı yok   ,DEN(BÜTÜN ARAÇLARIMIZIN ÖTV'Sİ YATIRILMIŞTIR)​2018 MODEL 1.6 DİZEL 6 İLERİ EGEA URBAN İÇİNDE VEYA DIŞINDA YANIK YIRTIK YOKTUR SIFIR AYARINDA BAKIMLI BİR ARAÇTIRÖZELLİKLERBLUETOOTH-TELEFON BAĞLANTISIALIŞIMLI ÇELİK JANT​USB-AUXCİTY SÜRÜŞ MODU ( ELEKTRİKLİ DİREKSİYON )CRUİSE CONTROL / HIZ SABİTLEMEVİRAJ AYDINLATMA ÖN SİS FARLARÇİFT YÖNLÜ DİJİTAL KLİMAYOL BİLGİSAYARISESLİ KOMUT SİSTEMİLASTİK BASINÇ SENSÖRÜPARK SENSÖRÜ - YAGMUR SENSÖRÜYOKUŞ KALKIŞ DESTEGİ ( HİLL DOLDER )ISITMALI AYNALED FARLARKROM KAPLAMA ​AMERİKAN CAM FİLMARACIMIZIN GARANTİ KAPSAMINDA TÜM BAKIMLARI YAPILMIŞTIRARACIMIZN KITAPÇIKLARI VE YEDEK ANAHTARI MEVCUTDUREXPERARACIMIZDA SADECE  SAĞ ARKA KAPI BOYALI HARİCİ HATASIZ ALICISINA ŞİMDİDEN HAYIRLI OLSUNİLETİŞİM ​05378970048 MEHMET DOLAYDİĞER İLANLARIMIZ İÇİN TIKLAYINIZhttps://www.arabam.com/galeri/dolay-otomotiv/
61, 16668772   , 04 Şubat 2021   , Ford   , Fiesta   , 1.4 Comfort   , 2006   , Benzin   , Düz   , 1201 - 1400 cm3   , 76 - 100 HP   , 74.000 km   ,https://www.arabam.com//ilan/galeriden-satilik-ford-fiesta-1-4-comfort/74-binde-yeni-kasa-yeni-gogus-ici-bej-yeni-muayeneli/16668772,  84.750 TL  ,   Created by Arabam IT  Ön Tampon     Sağ Arka ÇamurlukMotor KaputuArka KaputTavanArka Tampon  Sağ Arka Çamurluk:  Orijinal  Arka Kaput:  Orijinal  Sol Arka Çamurluk:  Orijinal  Sağ Arka Kapı:  Orijinal  Sağ Ön Kapı:  Orijinal  Tavan:  Orijinal  Sol Arka Kapı:  Orijinal  Sol Ön Kapı:  Orijinal  Sağ Ön Çamurluk:  Orijinal  Motor Kaputu:  Orijinal  Sol Ön Çamurluk:  Orijinal  Ön Tampon:  Orijinal  Arka Tampon:  Orijinal  BelirtilmemişOrijinalBoyalıLokal BoyalıDeğişmiş ,"ARACIMIZ ORJİNAL 74 BİNDE HİÇ LPG TAKILMAMIŞTIR YANIK YIRTIK OLMAYIP BİR ÖNCEKİ BAKIMDA TRİGER SETİ DEĞİŞMİŞTİR.ARACIMIZ MAKYAJLI KASA YENİ GÖĞÜSTÜR VE EN ÇOK TUTULAN BEJ DÖŞEME MEVCUTTUR. SADECE İKİ PARÇASINDA ÖNEMSİZ BOYA OLUP TRAMERİ 1.469 +1.986 DIR.YEDEK ANAHTARI OLUP İSLETME DAHİ KULLANILMAMIŞTIR.BİR SONRAKİ BAKIM 79 BİNDEDİR ARACIMIZ GÖRÜLMEYE DEĞER VE ÇALIŞMAYAN AKSAMI YOKTURDUR.MUAYENESİ YENİDİR.ARAÇ MANTIKLI TAKASA AÇIKTIR.


"
62, 16668767   , 04 Şubat 2021   , Renault   , Clio   , 1.2 Authentique   , 2006   , Benzin   , Düz   , 1200 cm3' e kadar   , 51 - 75 HP   , 124.000 km   ,https://www.arabam.com//ilan/galeriden-satilik-renault-clio-1-2-authentique/16-valf-124-binde-yeni-muayeneli/16668767,  58.500 TL  ,   Created by Arabam IT  Ön Tampon     Sağ Arka ÇamurlukMotor KaputuArka KaputTavanArka Tampon  Sağ Arka Çamurluk:  Orijinal  Arka Kaput:  Orijinal  Sol Arka Çamurluk:  Orijinal  Sağ Arka Kapı:  Orijinal  Sağ Ön Kapı:  Orijinal  Tavan:  Orijinal  Sol Arka Kapı:  Orijinal  Sol Ön Kapı:  Orijinal  Sağ Ön Çamurluk:  Orijinal  Motor Kaputu:  Orijinal  Sol Ön Çamurluk:  Orijinal  Ön Tampon:  Orijinal  Arka Tampon:  Orijinal  BelirtilmemişOrijinalBoyalıLokal BoyalıDeğişmiş ,"ARACIMIZIN BAKIMLARI DÜZENLİN OLARAK YAPILMIŞTIR.LASTİKLERİ YENİDİR VE MUAYENESİ YENİDİR TRİGER SETİ DEĞİŞMİŞ DÖRT DİSK VE ÖN İKİ BALATA ÖN AMORTİSÖR LER YENİLENMİŞ AYRICA YAKIN ZAMANDA BAKIMI YAPILMIŞTIR YANİ TÜM AĞIR BAKIMLARİ YAPILMIŞ OLUP ALAN KİŞİ SADECE YAKITINI KOYUP BİNECEKTİR. 16 VALF OLUP HİÇ LPG TAKILMAMISTIR.ÜZERİNDE PİONERR TEYİP VE HOPORLOR VARDIR. ARACİMİZDA TEMİZLİK AMAÇLİ 5-6 PARCA BOYA ÇIKABİLİR .SOLARKA ÇAMURLUK DEGİŞMİŞTİR.TARAMERİ 4 BİN TL DİR.ARACIMIZ SATIŞA HAZIRDIR
"
63, 16668766   , 04 Şubat 2021   , Citroen   , C3   , 1.4 e-HDi Confort   , 2013   , Dizel   , Yarı Otomatik   , 1201 - 1400 cm3   , 51 - 75 HP   , 175.000 km   ,https://www.arabam.com//ilan/galeriden-satilik-citroen-c3-1-4-e-hdi-confort/dizel-otomatik-yeni-muayeneli/16668766,  95.750 TL  ,   Created by Arabam IT  Ön Tampon     Sağ Arka ÇamurlukMotor KaputuArka KaputTavanArka Tampon  Sağ Arka Çamurluk:  Orijinal  Arka Kaput:  Orijinal  Sol Arka Çamurluk:  Orijinal  Sağ Arka Kapı:  Orijinal  Sağ Ön Kapı:  Orijinal  Tavan:  Orijinal  Sol Arka Kapı:  Orijinal  Sol Ön Kapı:  Orijinal  Sağ Ön Çamurluk:  Orijinal  Motor Kaputu:  Orijinal  Sol Ön Çamurluk:  Orijinal  Ön Tampon:  Orijinal  Arka Tampon:  Orijinal  BelirtilmemişOrijinalBoyalıLokal BoyalıDeğişmiş ,"aracımız dizel otomatiktir en çok tercih edilen beyaz renktedir şanzımanında ve motoru sorunsuzdur aracimizin muayenesi yenidir bel altı boyasi mevcut iki parça değişen vardır tüm bakımları yapılmıştır .Araç ile takas olabilir.
"
64, 16506756   , 04 Şubat 2021   , Ford   , Focus   , 1.6 Ghia   , 2000   , LPG & Benzin   , Düz   , 1596 cc   , 100 hp   , 257.000 km   ,https://www.arabam.com//ilan/galeriden-satilik-ford-focus-1-6-ghia/orijinal-lpg-li-focus/16506756,  61.750 TL  ,   Created by Arabam IT  Ön Tampon     Sağ Arka ÇamurlukMotor KaputuArka KaputTavanArka Tampon  Sağ Arka Çamurluk:  Orijinal  Arka Kaput:  Orijinal  Sol Arka Çamurluk:  Orijinal  Sağ Arka Kapı:  Orijinal  Sağ Ön Kapı:  Orijinal  Tavan:  Orijinal  Sol Arka Kapı:  Orijinal  Sol Ön Kapı:  Orijinal  Sağ Ön Çamurluk:  Orijinal  Motor Kaputu:  Orijinal  Sol Ön Çamurluk:  Orijinal  Ön Tampon:  Orijinal  Arka Tampon:  Orijinal  BelirtilmemişOrijinalBoyalıLokal BoyalıDeğişmiş ,MASRAFSIZHATASIZTRAMERSİZÇİÇEK
65, 16667739   , 04 Şubat 2021   , Volkswagen   , Jetta   , 1.4 TSi BlueMotion Comfortline   , 2015   , Benzin   , Yarı Otomatik   , 1395 cc   , 150 hp   , 69.000 km   ,https://www.arabam.com//ilan/galeriden-satilik-volkswagen-jetta-1-4-tsi-bluemotion-comfortline/ergun-otomotivden-hatasiz-2015-jetta-otomatik/16667739,  195.000 TL  ,   Created by Arabam IT  Ön Tampon     Sağ Arka ÇamurlukMotor KaputuArka KaputTavanArka Tampon  Sağ Arka Çamurluk:  Orijinal  Arka Kaput:  Orijinal  Sol Arka Çamurluk:  Orijinal  Sağ Arka Kapı:  Orijinal  Sağ Ön Kapı:  Orijinal  Tavan:  Orijinal  Sol Arka Kapı:  Orijinal  Sol Ön Kapı:  Orijinal  Sağ Ön Çamurluk:  Orijinal  Motor Kaputu:  Orijinal  Sol Ön Çamurluk:  Orijinal  Ön Tampon:  Orijinal  Arka Tampon:  Orijinal  BelirtilmemişOrijinalBoyalıLokal BoyalıDeğişmiş ,ARACIMIZ HATASIZ BOYASIZ TRAMERSİZ SERVİS BAKIMLI İLK GÜNKİ GİBİ İÇİ DIŞI TERTEMİZ KUSURSUZ VE ÇOK TEMİZ4 LASTİK SIFIR ALICISINA ŞİMDİDEN HAYIRLI OLSUN
66, 16667674   , 04 Şubat 2021   , Volkswagen   , Jetta   , 1.4 TSi Comfortline   , 2013   , Benzin   , Yarı Otomatik   , 1390 cc   , 122 hp   , 130.000 km   ,https://www.arabam.com//ilan/galeriden-satilik-volkswagen-jetta-1-4-tsi-comfortline/ergun-otomotivden-2013-otomatik-jetta/16667674,  131.500 TL  ,   Created by Arabam IT  Ön Tampon     Sağ Arka ÇamurlukMotor KaputuArka KaputTavanArka Tampon  Sağ Arka Çamurluk:  Orijinal  Arka Kaput:  Orijinal  Sol Arka Çamurluk:  Orijinal  Sağ Arka Kapı:  Orijinal  Sağ Ön Kapı:  Orijinal  Tavan:  Orijinal  Sol Arka Kapı:  Orijinal  Sol Ön Kapı:  Orijinal  Sağ Ön Çamurluk:  Orijinal  Motor Kaputu:  Orijinal  Sol Ön Çamurluk:  Orijinal  Ön Tampon:  Orijinal  Arka Tampon:  Orijinal  BelirtilmemişOrijinalBoyalıLokal BoyalıDeğişmiş ,ARACIMIZIN TÜM BAKIMLARI EKSİKSİZ  TARAFIMIZCA YAPILMIŞTIR HİÇ BİR MASRAFI YOKTUR EKPERTİZ RAPORU RESİMLERDE MEVCUDTURARACIMIZDA AĞIR HASAR KAYDI VARDIR DETAYLI BİLGİ İÇİN ARAYINIZ
67, 16667670   , 04 Şubat 2021   , Volkswagen   , Passat   , 1.4 TSi BlueMotion Comfortline   , 2015   , Benzin   , Yarı Otomatik   , 1395 cc   , 150 hp   , 133.000 km   ,https://www.arabam.com//ilan/galeriden-satilik-volkswagen-passat-1-4-tsi-bluemotion-comfortline/ergun-otomotivden-2015-otomatik-passat/16667670,  233.000 TL  ,   Created by Arabam IT  Ön Tampon     Sağ Arka ÇamurlukMotor KaputuArka KaputTavanArka Tampon  Sağ Arka Çamurluk:  Orijinal  Arka Kaput:  Orijinal  Sol Arka Çamurluk:  Orijinal  Sağ Arka Kapı:  Orijinal  Sağ Ön Kapı:  Orijinal  Tavan:  Orijinal  Sol Arka Kapı:  Orijinal  Sol Ön Kapı:  Orijinal  Sağ Ön Çamurluk:  Orijinal  Motor Kaputu:  Orijinal  Sol Ön Çamurluk:  Orijinal  Ön Tampon:  Orijinal  Arka Tampon:  Orijinal  BelirtilmemişOrijinalBoyalıLokal BoyalıDeğişmiş ,ARACIMIZIN TÜM BAKIMLARI ZAMANINDA VE EKSİKSİZ YAPILMIŞTIR HİÇ BİR MASRAFI YOKTUR .EMSALLERİNE GÖRE ÇOK DİRİ VE BAKIMLIDIR.EKSPERTİZ RAPORU RESİMLERDE VARDIRTRAMER KAYDI 6  PARÇA HALİNDE 22 BİN TL GELMEKTEDİR DETAYLI BİLGİ İÇİN ARAYINIZ
68, 16667666   , 04 Şubat 2021   , Ford   , Fiesta   , 1.4 Titanium X   , 2015   , Benzin   , Düz   , 1388 cc   , 96 hp   , 49.000 km   ,https://www.arabam.com//ilan/galeriden-satilik-ford-fiesta-1-4-titanium-x/ergun-otomotivden-49-bin-km-de-ford-fiesta-titanium-x/16667666,  137.000 TL  ,   Created by Arabam IT  Ön Tampon     Sağ Arka ÇamurlukMotor KaputuArka KaputTavanArka Tampon  Sağ Arka Çamurluk:  Orijinal  Arka Kaput:  Orijinal  Sol Arka Çamurluk:  Orijinal  Sağ Arka Kapı:  Orijinal  Sağ Ön Kapı:  Orijinal  Tavan:  Orijinal  Sol Arka Kapı:  Orijinal  Sol Ön Kapı:  Orijinal  Sağ Ön Çamurluk:  Orijinal  Motor Kaputu:  Orijinal  Sol Ön Çamurluk:  Orijinal  Ön Tampon:  Orijinal  Arka Tampon:  Orijinal  BelirtilmemişOrijinalBoyalıLokal BoyalıDeğişmiş ,ARACIMIZ EMSALLERİNE GÖRE ÇOK TEMİZ VE DİRİDİR İÇİ DIŞI KUSURSUZ TEMİZLİKTEDİRBAKIMLARI ZAMANINDA VE EKSİKSİZ YAPILMIŞTIR HİÇ BİR MASRAFI YOKTUR SIFIRDAN FARKI MODELİ VE KİLOMETRESİDİRSADECE SAĞ ARKA KAPI VE SAĞ ARKA ÇAMURLUKTA LOKAL BOYASI VARDIR HARİCİ HATASIZDIRTRAMER KAYDI YOKTURALICISINA ŞİMDİDEN HAYIRLI OLSUN
69, 16667466   , 04 Şubat 2021   , Volkswagen   , Polo   , 1.2 TDi Trendline   , 2013   , Dizel   , Düz   , 1199 cc   , 75 hp   , 200.000 km   ,https://www.arabam.com//ilan/galeriden-satilik-volkswagen-polo-1-2-tdi-trendline/mujdee-kar-topu-satistaa/16667466,  109.500 TL  ,   Created by Arabam IT  Ön Tampon     Sağ Arka ÇamurlukMotor KaputuArka KaputTavanArka Tampon  Sağ Arka Çamurluk:  Orijinal  Arka Kaput:  Orijinal  Sol Arka Çamurluk:  Orijinal  Sağ Arka Kapı:  Boyanmış  Sağ Ön Kapı:  Orijinal  Tavan:  Orijinal  Sol Arka Kapı:  Orijinal  Sol Ön Kapı:  Orijinal  Sağ Ön Çamurluk:  Değişmiş  Motor Kaputu:  Boyanmış  Sol Ön Çamurluk:  Boyanmış  Ön Tampon:  Orijinal  Arka Tampon:  Orijinal  BelirtilmemişOrijinalBoyalıLokal BoyalıDeğişmiş   Toplam Tramer Tutarı:  3.000 TL  ,2013 POLO 1.2 TDI TRENDLİNEMUAYENE 2021 11. AYINA KADAR VARDIRBAKIMLARI YAPILIKIŞLIK LASTİKLERİ 100/80KLİMA BAKIMLARI YAPILIARACIMIZDA SOFT YAZILIM VARDIR KESİNLİKLE DUMAN VEYA DİĞER YAZILIMLARDAN DEĞİLDİRİÇ DIŞ KOZMETİĞİ KUSURSUZDUR1 PARÇA DEĞİŞEN4 PARÇA BOYA VARDIRHASAR KAYDI 3 PARÇADA 3 BİN TL ÇIKMAKTADIR!.....KESİNLİKLE AĞIR YADA PERT KAYDI YOKTUR...!KİTAPÇIKLARI VE YEDEK ANAHTARI MEVCUTTURKİLOMETRESİ KESİNLİKLE ORJİNAL BAKIMLI Bİ ŞEKİLDE KULLANILMIŞTIRKİLOMETRESİ ÇOK DİYEN ARKADAŞLAR KM İLE OYNANMIŞ ARAÇLARA BAKSINARACIMI ŞİRKET VEYA KİRALAMA ARAÇLARIYLA KIYASLANMASIN SINIF ARAÇTIR.​
70, 16667181   , 04 Şubat 2021   , BMW   , 3 Serisi   , 316i Standart   , 2005   , LPG & Benzin   , Düz   , 1796 cc   , 116 hp   , 250.000 km   ,https://www.arabam.com//ilan/galeriden-satilik-bmw-3-serisi-316i-standart/sehrin-haylazi-yeni-sahibini-ariyor/16667181,  103.500 TL  ,   Created by Arabam IT  Ön Tampon     Sağ Arka ÇamurlukMotor KaputuArka KaputTavanArka Tampon  Sağ Arka Çamurluk:  Orijinal  Arka Kaput:  Orijinal  Sol Arka Çamurluk:  Orijinal  Sağ Arka Kapı:  Orijinal  Sağ Ön Kapı:  Orijinal  Tavan:  Orijinal  Sol Arka Kapı:  Orijinal  Sol Ön Kapı:  Orijinal  Sağ Ön Çamurluk:  Boyanmış  Motor Kaputu:  Boyanmış  Sol Ön Çamurluk:  Boyanmış  Ön Tampon:  Orijinal  Arka Tampon:  Orijinal  BelirtilmemişOrijinalBoyalıLokal BoyalıDeğişmiş   Toplam Tramer Tutarı:  1.000 TL  ,2005 E46 SALON 316İKUSURSUZ DENECEK TEMİZLİKTE248.*** KM DE2005 MAKYAJLI BABY FACE SINIFININ SON SERİSİ YENİ NESİL MOTOR ABSESC KLİMA4 CAM OTOMATİKPİOONER TEYPUSB AUX RADYO MP3 KOLTUK ISITMA ELEKTRİK BEL DESTEKLİ KOLTULAR İÇİ SİYAH DERİDİR (ORJİNAL)ORJİNAL FABRİKASYON ÇELİK JANTLASTİKLERİ SIFIRPARK SENSÖRÜ12 RENK ANGEL HALKALAR UZUN KISA LED FARLARLED SİS LAMBALARIAVADANLIKLARI TAMDIR (ORJİNAL)DEĞİŞENİ SÖKTAKI KESİNLİKLE YOKTUR4 PARÇA ÇİZİK BOYALI (MACUNSUZ)EXPER RAPORU MEVCUTTURMOTOR %95 TİRYORULMAMIŞ YIPRANMAMIŞ BİR ARAÇTIR SINIF ARAÇTIR.
71, 16192955   , 04 Şubat 2021   , Renault   , Megane   , 1.6 RTE   , 2000   , Benzin   , Düz   , 1598 cc   , 107 hp   , 294.000 km   ,https://www.arabam.com//ilan/galeriden-satilik-renault-megane-1-6-rte/2000-renault-megane-station-wagon-1-6-rte-107-hp-klimali/16192955,  58.750 TL  ,   Created by Arabam IT  Ön Tampon     Sağ Arka ÇamurlukMotor KaputuArka KaputTavanArka Tampon  Sağ Arka Çamurluk:  Orijinal  Arka Kaput:  Orijinal  Sol Arka Çamurluk:  Orijinal  Sağ Arka Kapı:  Orijinal  Sağ Ön Kapı:  Orijinal  Tavan:  Orijinal  Sol Arka Kapı:  Orijinal  Sol Ön Kapı:  Orijinal  Sağ Ön Çamurluk:  Orijinal  Motor Kaputu:  Orijinal  Sol Ön Çamurluk:  Orijinal  Ön Tampon:  Orijinal  Arka Tampon:  Orijinal  BelirtilmemişOrijinalBoyalıLokal BoyalıDeğişmiş ,2000 RENAULT MEGANE  1.6 RTE 107 HPARACIMIZ YAŞINA GÖRE OLDUKÇA BAKIMLIDIRHİÇ TÜP ATILMAMIŞ OLUP PERFORMANSI OLDUKÇA YÜKSEKTİRBAKIMLARI EKSİKSİZ OLARAK YAPILMIŞTIR EKSPERTİZ BİLGİSİ ARACIMIZIN ÖN KAPUTU ÖRJİNALİ İLE DEĞİŞMİŞ OLUP  TAVAN VE BEL ALTI 4 PARÇA HARİCİNDE ÇİZİK BOYALARI MEVCUTTUR KAPUTUN DEĞİŞİMİNDEN DOLAYI 4000₺ TRAMERİ VARDIRDETAYLI BİLGİ İÇİN ARAYINIZ 
72, 16192945   , 04 Şubat 2021   , Fiat   , Linea   , 1.3 Multijet Pop   , 2013   , Dizel   , Düz   , 1248 cc   , 95 hp   , 174.000 km   ,https://www.arabam.com//ilan/galeriden-satilik-fiat-linea-1-3-multijet-pop/2013-linea-1-3-multijet-95-hp-nokta-hatasiz/16192945,  94.750 TL  ,   Created by Arabam IT  Ön Tampon     Sağ Arka ÇamurlukMotor KaputuArka KaputTavanArka Tampon  Sağ Arka Çamurluk:  Orijinal  Arka Kaput:  Orijinal  Sol Arka Çamurluk:  Orijinal  Sağ Arka Kapı:  Orijinal  Sağ Ön Kapı:  Orijinal  Tavan:  Orijinal  Sol Arka Kapı:  Orijinal  Sol Ön Kapı:  Orijinal  Sağ Ön Çamurluk:  Orijinal  Motor Kaputu:  Orijinal  Sol Ön Çamurluk:  Orijinal  Ön Tampon:  Orijinal  Arka Tampon:  Orijinal  BelirtilmemişOrijinalBoyalıLokal BoyalıDeğişmiş ,2013 FİAT LİNEA 1.3 POP 95 HPARACIMIZ MODELİNE VE KİLOMETRESİNE GÖRE DÖRT DÖRTLÜK OLUP MOTORU YÜRÜRÜ VE VİTES GEÇİŞLERİ MÜKEMMEL DURUMDADIREKSPERTİZ BİLGİSİ HATASIZ BOYASIZ4 LASTİĞİ YENİDİRBAKIMLARI YENİ OLUP MASRAFSIZDIRKOLTUKLARI VE TORPİDOSU ÇİZİKSİZDİR TAMAMEN HUSUSİ OLARAK KULLANILMIŞ OLUP EŞSİZ TEMİZLİKTEDİRDETAYLI BİLGİ İÇİN ARAYINIZ EMİR BUCAK=0532-221-8015TARIK BUCAK=0532-632-2366
